Дата,USD_NBU,EUR_NBU,PLN_NBU,USD_NBP,EUR_NBP,UAH_NBP,Market_USD_UAH,Market_USD_PLN,Market_EUR_UAH,Market_EUR_PLN,Market_EUR_USD,Market_USD_EUR
20.01.2026 16:39,43.2522,50.7219,11.9932,3.6054,4.2279,0.0834,43.28,3.6301,50.36,4.2242,1.1637,0.8594
20.01.2026 16:43,43.2522,50.7219,11.9932,3.6054,4.2279,0.0834,43.28,3.6301,50.36,4.2242,1.1637,0.8594
20.01.2026 16:44,43.2522,50.7219,11.9932,3.6054,4.2279,0.0834,43.28,3.6301,50.36,4.2242,1.1637,0.8594
20.01.2026 21:53,43.2522,50.7219,11.9932,3.6054,4.2279,0.0834,43.28,3.6301,50.36,4.2242,1.1637,0.8594
21.01.2026 07:21,43.2522,50.7219,11.9932,3.6054,4.2279,0.0834,43.25,3.6035,50.7,4.2242,1.1723,0.853
21.01.2026 16:27,43.1759,50.6669,11.9866,3.6118,4.2271,0.0836,43.25,3.6035,50.7,4.2242,1.1723,0.853
22.01.2026 07:20,43.1759,50.6669,11.9866,3.6118,4.2271,0.0836,43.18,3.6032,50.52,4.2162,1.1701,0.8546
22.01.2026 16:23,43.1667,50.5201,12.0074,3.6028,4.2128,0.0834,43.18,3.6032,50.52,4.2162,1.1701,0.8546
23.01.2026 07:19,43.1667,50.5201,12.0074,3.6028,4.2128,0.0834,43.15,3.5839,50.63,4.2049,1.1733,0.8523
23.01.2026 16:19,43.1391,50.6539,12.0473,3.5831,4.205,0.083,43.15,3.5839,50.63,4.2049,1.1733,0.8523
24.01.2026 07:13,43.1391,50.6539,12.0473,3.5831,4.205,0.083,38.63,3.5699,45.52,4.2065,1.1783,0.8487
24.01.2026 16:14,43.1391,50.6539,12.0473,3.5831,4.205,0.083,38.63,3.5699,45.52,4.2065,1.1783,0.8487
25.01.2026 07:15,43.1391,50.6539,12.0473,3.5831,4.205,0.083,43.16,3.5742,50.81,4.2079,1.1773,0.8494
25.01.2026 16:15,43.1391,50.6539,12.0473,3.5831,4.205,0.083,43.16,3.5742,50.81,4.2079,1.1773,0.8494
26.01.2026 07:21,43.1391,50.6539,12.0473,3.5831,4.205,0.083,43.14,3.5641,51.04,4.2164,1.183,0.8453
26.01.2026 16:22,43.1253,51.0647,12.134,3.5499,4.2118,0.0823,43.14,3.5641,51.04,4.2164,1.183,0.8453
26.01.2026 16:36,43.1253,51.0647,12.134,3.5499,4.2118,0.0823,43.14,3.5641,51.04,4.2164,1.183,0.8453
26.01.2026 16:42,43.1253,51.0647,12.134,3.5499,4.2118,0.0823,43.14,3.5641,51.04,4.2164,1.183,0.8453
26.01.2026 16:43,43.1253,51.0647,12.134,3.5499,4.2118,0.0823,43.14,3.5641,51.04,4.2164,1.183,0.8453
26.01.2026 16:47,43.1253,51.0647,12.134,3.5499,4.2118,0.0823,43.14,3.5641,51.04,4.2164,1.183,0.8453
26.01.2026 16:53,43.1253,51.0647,12.134,3.5499,4.2118,0.0823,43.14,3.5641,51.04,4.2164,1.183,0.8453
26.01.2026 16:56,43.1253,51.0647,12.134,3.5499,4.2118,0.0823,43.14,3.5641,51.04,4.2164,1.183,0.8453
26.01.2026 16:58,43.1253,51.0647,12.134,3.5499,4.2118,0.0823,43.14,3.5641,51.04,4.2164,1.183,0.8453
26.01.2026 17:02,43.1253,51.0647,12.134,3.5499,4.2118,0.0823,43.14,3.5641,51.04,4.2164,1.183,0.8453
26.01.2026 17:03,43.1253,51.0647,12.134,3.5499,4.2118,0.0823,43.14,3.5641,51.04,4.2164,1.183,0.8453
26.01.2026 17:06,43.1253,51.0647,12.134,3.5499,4.2118,0.0823,43.14,3.5641,51.04,4.2164,1.183,0.8453
26.01.2026 17:41,43.1253,51.0647,12.134,3.5499,4.2118,0.0823,43.14,3.5641,51.04,4.2164,1.183,0.8453
26.01.2026 18:02,43.1253,51.0647,12.134,3.5499,4.2118,0.0823,43.14,3.5641,51.04,4.2164,1.183,0.8453
26.01.2026 18:06,43.1253,51.0647,12.134,3.5499,4.2118,0.0823,43.14,3.5641,51.04,4.2164,1.183,0.8453
26.01.2026 23:12,43.1253,51.0647,12.134,3.5499,4.2118,0.0823,43.14,3.5641,51.04,4.2164,1.183,0.8453
27.01.2026 07:24,43.1253,51.0647,12.134,3.5499,4.2118,0.0823,43.18,3.545,51.24,4.2066,1.1866,0.8427
27.01.2026 16:25,42.9563,51.2297,12.1883,3.5354,4.2032,0.0822,43.18,3.545,51.24,4.2066,1.1866,0.8427
28.01.2026 07:22,42.9563,51.2297,12.1883,3.5354,4.2032,0.0822,42.97,3.5117,51.4,4.2007,1.1962,0.836
28.01.2026 16:30,42.7689,51.2286,12.1918,3.5045,4.2009,0.0819,42.97,3.5117,51.4,4.2007,1.1962,0.836
29.01.2026 07:37,42.7689,51.2286,12.1918,3.5045,4.2009,0.0819,42.8,3.5133,51.23,4.2048,1.1968,0.8355
29.01.2026 16:37,42.8483,51.2423,12.1898,3.5189,4.2072,0.082,42.8,3.5133,51.23,4.2048,1.1968,0.8355
30.01.2026 07:37,42.8483,51.2423,12.1898,3.5189,4.2072,0.082,42.88,3.5167,51.3,4.2072,1.1963,0.8359
30.01.2026 16:33,42.8113,51.0225,12.123,3.5379,4.2131,0.0826,42.88,3.5167,51.3,4.2072,1.1963,0.8359
31.01.2026 07:25,42.8113,51.0225,12.123,3.5379,4.2131,0.0826,42.82,3.5395,50.92,4.2086,1.189,0.841
31.01.2026 16:21,42.8113,51.0225,12.123,3.5379,4.2131,0.0826,42.82,3.5395,50.92,4.2086,1.189,0.841
01.02.2026 07:34,42.8113,51.0225,12.123,3.5379,4.2131,0.0826,42.82,3.5409,50.94,4.2117,1.1894,0.8407
01.02.2026 16:23,42.8113,51.0225,12.123,3.5379,4.2131,0.0826,42.82,3.5409,50.94,4.2117,1.1894,0.8407
01.02.2026 23:58,42.8113,51.0225,12.123,3.5379,4.2131,0.0826,42.82,3.5409,50.94,4.2117,1.1894,0.8407
02.02.2026 07:46,42.8113,51.0225,12.123,3.5379,4.2131,0.0826,42.83,3.5516,50.8,4.2128,1.1862,0.843
02.02.2026 16:33,42.9697,50.9062,12.0735,3.5495,4.2106,0.0826,42.83,3.5516,50.8,4.2128,1.1862,0.843
03.02.2026 07:39,42.9697,50.9062,12.0735,3.5495,4.2106,0.0826,42.99,3.5709,50.8,4.2195,1.1816,0.8463
03.02.2026 16:46,43.1928,50.9502,12.0711,3.5785,4.2198,0.0827,42.99,3.5709,50.8,4.2195,1.1816,0.8463
03.02.2026 21:58,43.1928,50.9502,12.0711,3.5785,4.2198,0.0827,42.99,3.5709,50.8,4.2195,1.1816,0.8463
03.02.2026 22:39,43.1928,50.9502,12.0711,3.5785,4.2198,0.0827,42.99,3.5709,50.8,4.2195,1.1816,0.8463
03.02.2026 23:48,43.1928,50.9502,12.0711,3.5785,4.2198,0.0827,42.99,3.5709,50.8,4.2195,1.1816,0.8463
04.02.2026 00:27,43.1928,50.9502,12.0711,3.5785,4.2198,0.0827,42.99,3.5709,50.8,4.2195,1.1816,0.8463
04.02.2026 00:38,43.1928,50.9502,12.0711,3.5785,4.2198,0.0827,42.99,3.5709,50.8,4.2195,1.1816,0.8463
04.02.2026 07:41,43.1928,50.9502,12.0711,3.5785,4.2198,0.0827,43.22,3.5748,51.03,4.2214,1.1809,0.8468
04.02.2026 16:41,43.1695,51.035,12.0821,3.5755,4.2241,0.0827,43.22,3.5748,51.03,4.2214,1.1809,0.8468
05.02.2026 07:47,43.1695,51.035,12.0821,3.5755,4.2241,0.0827,43.24,3.5729,51.06,4.2189,1.1808,0.8469
05.02.2026 14:15,43.1695,51.035,12.0821,3.5799,4.2175,0.0829,43.24,3.5729,51.06,4.2189,1.1808,0.8469
05.02.2026 14:42,43.1405,50.8972,12.0585,3.5799,4.2175,0.0829,43.24,3.5729,51.06,4.2189,1.1808,0.8469
05.02.2026 16:41,43.1405,50.8972,12.0585,3.5799,4.2175,0.0829,43.24,3.5729,51.06,4.2189,1.1808,0.8469
06.02.2026 07:43,43.1405,50.8972,12.0585,3.5799,4.2175,0.0829,43.14,3.5804,50.86,4.2211,1.179,0.8482
06.02.2026 16:39,43.0487,50.763,12.0339,3.5749,4.2155,0.0829,43.14,3.5804,50.86,4.2211,1.179,0.8482
06.02.2026 16:57,43.0487,50.763,12.0339,3.5749,4.2155,0.0829,43.14,3.5804,50.86,4.2211,1.179,0.8482
07.02.2026 07:29,43.0487,50.763,12.0339,3.5749,4.2155,0.0829,43.12,3.5717,50.93,4.2181,1.181,0.8468
07.02.2026 16:24,43.0487,50.763,12.0339,3.5749,4.2155,0.0829,43.12,3.5717,50.93,4.2181,1.181,0.8468
07.02.2026 19:45,43.0487,50.763,12.0339,3.5749,4.2155,0.0829,43.12,3.5717,50.93,4.2181,1.181,0.8468
07.02.2026 19:53,43.0487,50.763,12.0339,3.5749,4.2155,0.0829,43.12,3.5717,50.93,4.2181,1.181,0.8468
07.02.2026 20:00,43.0487,50.763,12.0339,3.5749,4.2155,0.0829,43.12,3.5717,50.93,4.2181,1.181,0.8468
07.02.2026 20:06,43.0487,50.763,12.0339,3.5749,4.2155,0.0829,43.12,3.5717,50.93,4.2181,1.181,0.8468
07.02.2026 20:19,43.0487,50.763,12.0339,3.5749,4.2155,0.0829,43.12,3.5717,50.93,4.2181,1.181,0.8468
08.02.2026 07:35,43.0487,50.763,12.0339,3.5749,4.2155,0.0829,43.12,3.572,50.92,4.2178,1.1808,0.8469
08.02.2026 16:24,43.0487,50.763,12.0339,3.5749,4.2155,0.0829,43.12,3.572,50.92,4.2178,1.1808,0.8469
09.02.2026 07:54,43.0487,50.763,12.0339,3.5749,4.2155,0.0829,43.06,3.5711,50.88,4.2196,1.1816,0.8463
10.02.2026 07:57,43.0267,51.12,12.1335,3.5527,4.2142,0.0825,42.97,3.54,51.12,4.2113,1.1896,0.8406
10.02.2026 16:59,43.0904,51.2517,12.1553,3.5377,4.2148,0.0821,42.97,3.54,51.12,4.2113,1.1896,0.8406
11.02.2026 07:45,43.0904,51.2517,12.1553,3.5377,4.2148,0.0821,43.11,3.5448,51.28,4.2166,1.1895,0.8407
11.02.2026 16:50,43.0318,51.2078,12.1511,3.5387,4.2174,0.0822,43.11,3.5448,51.28,4.2166,1.1895,0.8407
12.02.2026 07:43,43.0318,51.2078,12.1511,3.5387,4.2174,0.0822,43.08,3.5463,51.19,4.2134,1.1881,0.8417
12.02.2026 16:44,42.993,51.0348,12.1059,3.5441,4.2131,0.0825,43.08,3.5463,51.19,4.2134,1.1881,0.8417
13.02.2026 07:41,42.993,51.0348,12.1059,3.5441,4.2131,0.0825,43.0,3.55,51.05,4.2146,1.1872,0.8423
13.02.2026 13:25,43.102,51.1276,12.1346,3.5528,4.214,0.0824,43.0,3.55,51.07,4.2162,1.1876,0.842
13.02.2026 13:41,43.102,51.1276,12.1346,3.5528,4.214,0.0824,43.0,3.55,51.07,4.2162,1.1876,0.842
13.02.2026 13:43,43.102,51.1276,12.1346,3.5528,4.214,0.0824,43.0,3.55,51.07,4.2162,1.1876,0.842
13.02.2026 13:44,43.102,51.1276,12.1346,3.5528,4.214,0.0824,43.0,3.55,51.07,4.2162,1.1876,0.842
13.02.2026 13:51,43.102,51.1276,12.1346,3.5528,4.214,0.0824,43.0,3.55,51.07,4.2162,1.1876,0.842
13.02.2026 13:55,43.102,51.1276,12.1346,3.5528,4.214,0.0824,43.0,3.55,51.07,4.2162,1.1876,0.842
13.02.2026 13:57,43.102,51.1276,12.1346,3.5528,4.214,0.0824,43.0,3.55,51.07,4.2162,1.1876,0.842
13.02.2026 17:00,43.102,51.1276,12.1346,3.5528,4.214,0.0824,43.0,3.55,51.07,4.2162,1.1876,0.842
14.02.2026 08:00,43.102,51.1276,12.1346,3.5528,4.214,0.0824,43.11,3.55,51.14,4.2112,1.1862,0.843
15.02.2026 08:00,43.102,51.1276,12.1346,3.5528,4.214,0.0824,43.11,3.55,51.14,4.2112,1.1862,0.843
16.02.2026 07:00,43.102,51.1276,12.1346,3.5528,4.214,0.0824,43.1,3.55,51.13,4.2112,1.1862,0.843
16.02.2026 17:00,43.1705,51.1614,12.1498,3.5467,4.208,0.0822,43.1,3.55,51.13,4.2112,1.1862,0.843
16.02.2026 21:00,43.1705,51.1614,12.1498,3.5467,4.208,0.0822,43.1,3.55,51.13,4.2112,1.1862,0.843
17.02.2026 06:00,43.1705,51.1614,12.1498,3.5467,4.208,0.0822,43.15,3.55,51.13,4.2062,1.1848,0.844
17.02.2026 07:00,43.1705,51.1614,12.1498,3.5467,4.208,0.0822,43.15,3.55,51.13,4.2062,1.1848,0.844
17.02.2026 11:00,43.1705,51.1614,12.1498,3.5607,4.2182,0.0825,43.15,3.55,51.13,4.2062,1.1848,0.844
17.02.2026 13:07,43.1705,51.1614,12.1498,3.5607,4.2182,0.0825,43.15,3.55,51.13,4.2062,1.1848,0.844
18.02.2026 06:05,43.2577,51.1695,12.1422,3.5607,4.2182,0.0823,43.3,3.56,51.24,4.213,1.1834,0.845
18.02.2026 07:05,43.2577,51.1695,12.1422,3.5607,4.2182,0.0823,43.3,3.56,51.24,4.213,1.1834,0.845
18.02.2026 11:05,43.2577,51.1695,12.1422,3.561,4.2148,0.0823,43.3,3.56,51.24,4.213,1.1834,0.845
18.02.2026 13:05,43.2577,51.1695,12.1422,3.561,4.2148,0.0823,43.3,3.56,51.24,4.213,1.1834,0.845
19.02.2026 06:05,43.292,51.2577,12.1515,3.561,4.2148,0.0823,43.3,3.57,51.12,4.2149,1.1806,0.847
19.02.2026 07:05,43.292,51.2577,12.1515,3.561,4.2148,0.0823,43.3,3.57,51.12,4.2149,1.1806,0.847
19.02.2026 11:05,43.292,51.2577,12.1515,3.578,4.222,0.0826,43.3,3.57,51.12,4.2149,1.1806,0.847
19.02.2026 13:05,43.292,51.2577,12.1515,3.578,4.222,0.0826,43.3,3.57,51.12,4.2149,1.1806,0.847
20.02.2026 06:05,43.2667,50.9163,12.0621,3.578,4.222,0.0827,43.32,3.59,50.96,4.2235,1.1765,0.85
20.02.2026 07:05,43.2667,50.9163,12.0621,3.578,4.222,0.0827,43.32,3.59,50.96,4.2235,1.1765,0.85
20.02.2026 11:05,43.2667,50.9163,12.0621,3.5898,4.2241,0.083,43.32,3.59,50.96,4.2235,1.1765,0.85
20.02.2026 13:05,43.2667,50.9163,12.0621,3.5898,4.2241,0.083,43.32,3.59,50.96,4.2235,1.1765,0.85
21.02.2026 06:05,43.2747,50.917,12.0509,3.5898,4.2241,0.083,43.3,3.58,51.0,4.2167,1.1779,0.849
21.02.2026 07:05,43.2747,50.917,12.0509,3.5898,4.2241,0.083,43.3,3.58,51.0,4.2167,1.1779,0.849
21.02.2026 11:05,43.2747,50.917,12.0509,3.5898,4.2241,0.083,43.3,3.58,51.0,4.2167,1.1779,0.849
21.02.2026 12:05,43.2747,50.917,12.0509,3.5898,4.2241,0.083,43.3,3.58,51.0,4.2167,1.1779,0.849
21.02.2026 14:05,43.2747,50.917,12.0509,3.5898,4.2241,0.083,43.3,3.58,51.0,4.2167,1.1779,0.849
22.02.2026 07:05,43.2747,50.917,12.0509,3.5898,4.2241,0.083,43.3,3.58,51.0,4.2167,1.1779,0.849
22.02.2026 08:05,43.2747,50.917,12.0509,3.5898,4.2241,0.083,43.3,3.58,51.0,4.2167,1.1779,0.849
22.02.2026 12:05,43.2747,50.917,12.0509,3.5898,4.2241,0.083,43.3,3.58,51.0,4.2167,1.1779,0.849
22.02.2026 14:05,43.2747,50.917,12.0509,3.5898,4.2241,0.083,43.3,3.58,51.0,4.2167,1.1779,0.849
23.02.2026 07:05,43.2747,50.917,12.0509,3.5898,4.2241,0.083,43.28,3.58,51.1,4.2267,1.1806,0.847
23.02.2026 08:05,43.2747,50.917,12.0509,3.5898,4.2241,0.083,43.28,3.58,51.1,4.2267,1.1806,0.847
23.02.2026 12:05,43.2747,50.917,12.0509,3.5737,4.2173,0.0826,43.28,3.58,51.1,4.2267,1.1806,0.847
23.02.2026 15:05,43.2982,51.0053,12.0945,3.5737,4.2173,0.0825,43.28,3.58,51.1,4.2267,1.1806,0.847
23.02.2026 16:05,43.2982,51.0053,12.0945,3.5737,4.2173,0.0825,43.28,3.58,51.1,4.2267,1.1806,0.847
23.02.2026 20:05,43.2982,51.0053,12.0945,3.5737,4.2173,0.0825,43.28,3.58,51.1,4.2267,1.1806,0.847
24.02.2026 07:05,43.2982,51.0053,12.0945,3.5737,4.2173,0.0825,43.31,3.58,51.07,4.2217,1.1792,0.848
24.02.2026 08:05,43.2982,51.0053,12.0945,3.5737,4.2173,0.0825,43.31,3.58,51.07,4.2217,1.1792,0.848
24.02.2026 12:05,43.2982,51.0053,12.0945,3.5793,4.2193,0.0827,43.31,3.58,51.07,4.2217,1.1792,0.848
24.02.2026 15:05,43.2648,50.9659,12.0757,3.5793,4.2193,0.0827,43.31,3.58,51.07,4.2217,1.1792,0.848
24.02.2026 16:05,43.2648,50.9659,12.0757,3.5793,4.2193,0.0827,43.31,3.58,51.07,4.2217,1.1792,0.848
24.02.2026 20:05,43.2648,50.9659,12.0757,3.5793,4.2193,0.0827,43.31,3.58,51.07,4.2217,1.1792,0.848
24.02.2026 22:05,43.2648,50.9659,12.0757,3.5793,4.2193,0.0827,43.31,3.58,51.07,4.2217,1.1792,0.848
25.02.2026 07:05,43.2648,50.9659,12.0757,3.5793,4.2193,0.0827,43.29,3.58,50.99,4.2167,1.1779,0.849
25.02.2026 08:05,43.2648,50.9659,12.0757,3.5793,4.2193,0.0827,43.29,3.58,50.99,4.2167,1.1779,0.849
25.02.2026 12:05,43.2648,50.9659,12.0757,3.5785,4.2183,0.0827,43.29,3.58,50.99,4.2167,1.1779,0.849
25.02.2026 14:05,43.2413,50.962,12.0728,3.5785,4.2183,0.0828,43.29,3.58,50.99,4.2167,1.1779,0.849
25.02.2026 16:05,43.2413,50.962,12.0728,3.5785,4.2183,0.0828,43.29,3.58,50.99,4.2167,1.1779,0.849
25.02.2026 20:05,43.2413,50.962,12.0728,3.5785,4.2183,0.0828,43.29,3.58,50.99,4.2167,1.1779,0.849
25.02.2026 22:05,43.2413,50.962,12.0728,3.5785,4.2183,0.0828,43.29,3.58,50.99,4.2167,1.1779,0.849
26.02.2026 08:05,43.2413,50.962,12.0728,3.5785,4.2183,0.0828,43.26,3.58,51.07,4.2267,1.1806,0.847
26.02.2026 12:05,43.2413,50.962,12.0728,3.5792,4.2224,0.0828,43.26,3.58,51.07,4.2267,1.1806,0.847
26.02.2026 14:05,43.2081,51.0244,12.0835,3.5792,4.2224,0.0828,43.26,3.58,51.07,4.2267,1.1806,0.847
26.02.2026 16:05,43.2081,51.0244,12.0835,3.5792,4.2224,0.0828,43.26,3.58,51.07,4.2267,1.1806,0.847
26.02.2026 22:05,43.2081,51.0244,12.0835,3.5792,4.2224,0.0828,43.26,3.58,51.07,4.2267,1.1806,0.847
27.02.2026 08:05,43.2081,51.0244,12.0835,3.5792,4.2224,0.0828,43.21,3.58,51.02,4.2267,1.1806,0.847
27.02.2026 12:05,43.2081,51.0244,12.0835,3.5804,4.2233,0.0829,43.21,3.58,51.02,4.2267,1.1806,0.847
27.02.2026 14:05,43.0996,50.8661,12.0393,3.5804,4.2233,0.0831,43.21,3.58,51.02,4.2267,1.1806,0.847
27.02.2026 16:05,43.0996,50.8661,12.0393,3.5804,4.2233,0.0831,43.21,3.58,51.02,4.2267,1.1806,0.847
27.02.2026 20:05,43.0996,50.8661,12.0393,3.5804,4.2233,0.0831,43.21,3.58,51.02,4.2267,1.1806,0.847
28.02.2026 05:05,43.0996,50.8661,12.0393,3.5804,4.2233,0.0831,43.11,3.58,50.9,4.2267,1.1806,0.847
28.02.2026 08:05,43.0996,50.8661,12.0393,3.5804,4.2233,0.0831,43.11,3.58,50.9,4.2267,1.1806,0.847
28.02.2026 12:05,43.0996,50.8661,12.0393,3.5804,4.2233,0.0831,43.11,3.58,50.9,4.2267,1.1806,0.847
01.03.2026 05:05,43.0996,50.8661,12.0393,3.5804,4.2233,0.0831,43.11,3.58,50.9,4.2267,1.1806,0.847
01.03.2026 08:05,43.0996,50.8661,12.0393,3.5804,4.2233,0.0831,43.11,3.58,50.9,4.2267,1.1806,0.847
01.03.2026 12:05,43.0996,50.8661,12.0393,3.5804,4.2233,0.0831,43.11,3.58,50.9,4.2267,1.1806,0.847
02.03.2026 05:05,43.0996,50.8661,12.0393,3.5804,4.2233,0.0831,43.13,3.59,50.8,4.2285,1.1779,0.849
02.03.2026 06:05,43.0996,50.8661,12.0393,3.5804,4.2233,0.0831,43.13,3.59,50.8,4.2285,1.1779,0.849
02.03.2026 08:05,43.0996,50.8661,12.0393,3.5804,4.2233,0.0831,43.13,3.59,50.8,4.2285,1.1779,0.849
02.03.2026 13:05,43.0996,50.8661,12.0393,3.6056,4.2304,0.0837,43.13,3.59,50.8,4.2285,1.1779,0.849
02.03.2026 14:05,43.2343,50.6014,11.9386,3.6056,4.2304,0.0834,43.13,3.59,50.8,4.2285,1.1779,0.849
02.03.2026 16:05,43.2343,50.6014,11.9386,3.6056,4.2304,0.0834,43.13,3.59,50.8,4.2285,1.1779,0.849
03.03.2026 05:05,43.2343,50.6014,11.9386,3.6056,4.2304,0.0834,43.28,3.62,50.68,4.2389,1.171,0.854
03.03.2026 06:05,43.2343,50.6014,11.9386,3.6056,4.2304,0.0834,43.28,3.62,50.68,4.2389,1.171,0.854
03.03.2026 08:05,43.2343,50.6014,11.9386,3.6056,4.2304,0.0834,43.28,3.62,50.68,4.2389,1.171,0.854
03.03.2026 13:05,43.2343,50.6014,11.9386,3.682,4.2732,0.0852,43.28,3.62,50.68,4.2389,1.171,0.854
03.03.2026 14:05,43.4548,50.4597,11.7844,3.682,4.2732,0.0847,43.28,3.62,50.68,4.2389,1.171,0.854
03.03.2026 16:05,43.4548,50.4597,11.7844,3.682,4.2732,0.0847,43.28,3.62,50.68,4.2389,1.171,0.854
04.03.2026 05:05,43.4548,50.4597,11.7844,3.682,4.2732,0.0847,43.39,3.69,50.39,4.2857,1.1614,0.861
04.03.2026 06:05,43.4548,50.4597,11.7844,3.682,4.2732,0.0847,43.39,3.69,50.39,4.2857,1.1614,0.861
04.03.2026 08:05,43.4548,50.4597,11.7844,3.682,4.2732,0.0847,43.39,3.69,50.39,4.2857,1.1614,0.861
04.03.2026 13:05,43.4548,50.4597,11.7844,3.677,4.2685,0.0846,43.39,3.69,50.39,4.2857,1.1614,0.861
04.03.2026 14:05,43.717,50.8341,11.9361,3.677,4.2685,0.0841,43.39,3.69,50.39,4.2857,1.1614,0.861
04.03.2026 16:05,43.717,50.8341,11.9361,3.677,4.2685,0.0841,43.39,3.69,50.39,4.2857,1.1614,0.861
05.03.2026 06:05,43.717,50.8341,11.9361,3.677,4.2685,0.0841,43.61,3.67,50.77,4.2724,1.1641,0.859
05.03.2026 07:05,43.717,50.8341,11.9361,3.677,4.2685,0.0841,43.61,3.67,50.77,4.2724,1.1641,0.859
05.03.2026 08:05,43.717,50.8341,11.9361,3.677,4.2685,0.0841,43.61,3.67,50.77,4.2724,1.1641,0.859
05.03.2026 14:05,43.8069,50.9036,11.9125,3.6771,4.2739,0.0839,43.61,3.67,50.77,4.2724,1.1641,0.859
05.03.2026 15:05,43.8069,50.9036,11.9125,3.6771,4.2739,0.0839,43.61,3.67,50.77,4.2724,1.1641,0.859
05.03.2026 16:05,43.8069,50.9036,11.9125,3.6771,4.2739,0.0839,43.61,3.67,50.77,4.2724,1.1641,0.859
06.03.2026 06:05,43.8069,50.9036,11.9125,3.6771,4.2739,0.0839,43.85,3.68,50.87,4.2691,1.1601,0.862
06.03.2026 07:05,43.8069,50.9036,11.9125,3.6771,4.2739,0.0839,43.85,3.68,50.87,4.2691,1.1601,0.862
06.03.2026 08:05,43.8069,50.9036,11.9125,3.6771,4.2739,0.0839,43.85,3.68,50.87,4.2691,1.1601,0.862
06.03.2026 14:05,43.7292,50.5422,11.7935,3.6962,4.2782,0.0845,43.85,3.68,50.87,4.2691,1.1601,0.862
06.03.2026 15:05,43.7292,50.5422,11.7935,3.6962,4.2782,0.0845,43.85,3.68,50.87,4.2691,1.1601,0.862
06.03.2026 16:05,43.7292,50.5422,11.7935,3.6962,4.2782,0.0845,43.85,3.68,50.87,4.2691,1.1601,0.862
07.03.2026 06:05,43.7292,50.5422,11.7935,3.6962,4.2782,0.0845,43.79,3.68,50.8,4.2691,1.1601,0.862
07.03.2026 06:10,43.7292,50.5422,11.7935,3.6962,4.2782,0.0845,43.79,3.68,50.8,4.2691,1.1601,0.862
07.03.2026 07:05,43.7292,50.5422,11.7935,3.6962,4.2782,0.0845,43.79,3.68,50.8,4.2691,1.1601,0.862
07.03.2026 08:05,43.7292,50.5422,11.7935,3.6962,4.2782,0.0845,43.79,3.68,50.8,4.2691,1.1601,0.862
07.03.2026 08:10,43.7292,50.5422,11.7935,3.6962,4.2782,0.0845,43.79,3.68,50.8,4.2691,1.1601,0.862
08.03.2026 06:05,43.7292,50.5422,11.7935,3.6962,4.2782,0.0845,43.79,3.68,50.8,4.2691,1.1601,0.862
08.03.2026 06:10,43.7292,50.5422,11.7935,3.6962,4.2782,0.0845,43.79,3.68,50.8,4.2691,1.1601,0.862
08.03.2026 07:05,43.7292,50.5422,11.7935,3.6962,4.2782,0.0845,43.79,3.68,50.8,4.2691,1.1601,0.862
08.03.2026 08:05,43.7292,50.5422,11.7935,3.6962,4.2782,0.0845,43.79,3.68,50.8,4.2691,1.1601,0.862
08.03.2026 08:10,43.7292,50.5422,11.7935,3.6962,4.2782,0.0845,43.79,3.68,50.8,4.2691,1.1601,0.862
09.03.2026 06:05,43.7292,50.5422,11.7935,3.6962,4.2782,0.0845,43.78,3.71,50.55,4.2841,1.1547,0.866
09.03.2026 06:10,43.7292,50.5422,11.7935,3.6962,4.2782,0.0845,43.78,3.71,50.55,4.2841,1.1547,0.866
09.03.2026 07:05,43.7292,50.5422,11.7935,3.6962,4.2782,0.0845,43.78,3.71,50.55,4.2841,1.1547,0.866
09.03.2026 08:05,43.7292,50.5422,11.7935,3.6962,4.2782,0.0845,43.78,3.71,50.55,4.2841,1.1547,0.866
09.03.2026 08:10,43.7292,50.5422,11.7935,3.6962,4.2782,0.0845,43.78,3.71,50.55,4.2841,1.1547,0.866
09.03.2026 14:05,43.8961,50.7132,11.8456,3.7075,4.2836,0.0845,43.78,3.71,50.55,4.2841,1.1547,0.866
09.03.2026 14:10,43.8961,50.7132,11.8456,3.7075,4.2836,0.0845,43.78,3.71,50.55,4.2841,1.1547,0.866
09.03.2026 15:05,43.8961,50.7132,11.8456,3.7075,4.2836,0.0845,43.78,3.71,50.55,4.2841,1.1547,0.866
09.03.2026 16:05,43.8961,50.7132,11.8456,3.7075,4.2836,0.0845,43.78,3.71,50.55,4.2841,1.1547,0.866
09.03.2026 16:10,43.8961,50.7132,11.8456,3.7075,4.2836,0.0845,43.78,3.71,50.55,4.2841,1.1547,0.866
10.03.2026 06:10,43.8961,50.7132,11.8456,3.7075,4.2836,0.0845,43.88,3.68,50.85,4.2642,1.1587,0.863
10.03.2026 08:10,43.8961,50.7132,11.8456,3.7075,4.2836,0.0845,43.88,3.68,50.85,4.2642,1.1587,0.863
10.03.2026 14:10,43.8627,51.0386,11.9935,3.6523,4.2555,0.0833,43.88,3.68,50.85,4.2642,1.1587,0.863
10.03.2026 16:10,43.8627,51.0386,11.9935,3.6523,4.2555,0.0833,43.88,3.68,50.85,4.2642,1.1587,0.863
11.03.2026 06:10,43.8627,51.0386,11.9935,3.6523,4.2555,0.0833,43.89,3.67,51.03,4.2674,1.1628,0.86
11.03.2026 08:10,43.8627,51.0386,11.9935,3.6523,4.2555,0.0833,43.89,3.67,51.03,4.2674,1.1628,0.86
11.03.2026 14:10,43.9776,50.9349,11.9771,3.687,4.274,0.0838,43.89,3.67,51.03,4.2674,1.1628,0.86
11.03.2026 16:10,43.9776,50.9349,11.9771,3.687,4.274,0.0838,43.89,3.67,51.03,4.2674,1.1628,0.86
12.03.2026 06:10,43.9776,50.9349,11.9771,3.687,4.274,0.0838,43.98,3.68,50.84,4.2543,1.1561,0.865
12.03.2026 08:10,43.9776,50.9349,11.9771,3.687,4.274,0.0838,43.98,3.68,50.84,4.2543,1.1561,0.865
12.03.2026 14:10,44.1636,50.956,11.9604,3.6878,4.2629,0.0835,43.98,3.68,50.84,4.2543,1.1561,0.865
12.03.2026 16:10,44.1636,50.956,11.9604,3.6878,4.2629,0.0835,43.98,3.68,50.84,4.2543,1.1561,0.865
13.03.2026 06:10,44.1636,50.956,11.9604,3.6878,4.2629,0.0835,44.24,3.7,51.03,4.2676,1.1534,0.867
13.03.2026 08:10,44.1636,50.956,11.9604,3.6878,4.2629,0.0835,44.24,3.7,51.03,4.2676,1.1534,0.867
13.03.2026 14:10,44.1381,50.6661,11.8747,3.7277,4.2693,0.0845,44.24,3.7,51.03,4.2676,1.1534,0.867
13.03.2026 16:10,44.1381,50.6661,11.8747,3.7277,4.2693,0.0845,44.24,3.7,51.03,4.2676,1.1534,0.867
14.03.2026 06:10,44.1381,50.6661,11.8747,3.7277,4.2693,0.0845,44.17,3.73,50.54,4.2677,1.1442,0.874
14.03.2026 08:10,44.1381,50.6661,11.8747,3.7277,4.2693,0.0845,44.17,3.73,50.54,4.2677,1.1442,0.874
15.03.2026 06:10,44.1381,50.6661,11.8747,3.7277,4.2693,0.0845,44.17,3.73,50.6,4.2726,1.1455,0.873
15.03.2026 07:05,44.1381,50.6661,11.8747,3.7277,4.2693,0.0845,44.17,3.73,50.6,4.2726,1.1455,0.873
15.03.2026 08:05,44.1381,50.6661,11.8747,3.7277,4.2693,0.0845,44.17,3.73,50.6,4.2726,1.1455,0.873
15.03.2026 08:10,44.1381,50.6661,11.8747,3.7277,4.2693,0.0845,44.17,3.73,50.6,4.2726,1.1455,0.873
15.03.2026 08:36,44.1381,50.6661,11.8747,3.7277,4.2693,0.0845,44.17,3.73,50.6,4.2726,1.1455,0.873
15.03.2026 14:05,44.1381,50.6661,11.8747,3.7277,4.2693,0.0845,44.17,3.73,50.6,4.2726,1.1455,0.873
16.03.2026 07:05,44.1381,50.6661,11.8747,3.7277,4.2693,0.0845,44.1,3.74,50.4,4.2743,1.1429,0.875
16.03.2026 08:05,44.1381,50.6661,11.8747,3.7277,4.2693,0.0845,44.1,3.74,50.4,4.2743,1.1429,0.875
16.03.2026 14:05,44.0803,50.5777,11.847,3.7287,4.2694,0.0846,44.1,3.74,50.4,4.2743,1.1429,0.875
16.03.2026 15:05,44.0803,50.5777,11.847,3.7287,4.2694,0.0846,44.1,3.74,50.4,4.2743,1.1429,0.875
16.03.2026 16:05,44.0803,50.5777,11.847,3.7287,4.2694,0.0846,44.1,3.74,50.4,4.2743,1.1429,0.875
16.03.2026 22:05,44.0803,50.5777,11.847,3.7287,4.2694,0.0846,44.1,3.74,50.4,4.2743,1.1429,0.875
17.03.2026 07:05,44.0803,50.5777,11.847,3.7287,4.2694,0.0846,44.08,3.71,50.61,4.2595,1.1481,0.871
17.03.2026 08:05,44.0803,50.5777,11.847,3.7287,4.2694,0.0846,44.08,3.71,50.61,4.2595,1.1481,0.871
17.03.2026 14:05,43.9497,50.6388,11.8857,3.7046,4.2666,0.0843,44.08,3.71,50.61,4.2595,1.1481,0.871
17.03.2026 15:05,43.9497,50.6388,11.8857,3.7046,4.2666,0.0843,44.08,3.71,50.61,4.2595,1.1481,0.871
17.03.2026 16:05,43.9497,50.6388,11.8857,3.7046,4.2666,0.0843,44.08,3.71,50.61,4.2595,1.1481,0.871
17.03.2026 22:05,43.9497,50.6388,11.8857,3.7046,4.2666,0.0843,44.08,3.71,50.61,4.2595,1.1481,0.871
18.03.2026 07:05,43.9497,50.6388,11.8857,3.7046,4.2666,0.0843,43.98,3.69,50.73,4.2561,1.1534,0.867
18.03.2026 08:05,43.9497,50.6388,11.8857,3.7046,4.2666,0.0843,43.98,3.69,50.73,4.2561,1.1534,0.867
18.03.2026 14:05,43.896,50.5243,11.8353,3.693,4.2613,0.0841,43.98,3.69,50.73,4.2561,1.1534,0.867
18.03.2026 15:05,43.896,50.5243,11.8353,3.693,4.2613,0.0841,43.98,3.69,50.73,4.2561,1.1534,0.867
18.03.2026 16:05,43.896,50.5243,11.8353,3.693,4.2613,0.0841,43.98,3.69,50.73,4.2561,1.1534,0.867
18.03.2026 22:05,43.896,50.5243,11.8353,3.693,4.2613,0.0841,43.98,3.69,50.73,4.2561,1.1534,0.867
19.03.2026 07:05,43.896,50.5243,11.8353,3.693,4.2613,0.0841,43.99,3.72,50.56,4.2759,1.1494,0.87
19.03.2026 08:05,43.896,50.5243,11.8353,3.693,4.2613,0.0841,43.99,3.72,50.56,4.2759,1.1494,0.87
19.03.2026 14:05,43.9617,50.5032,11.7951,3.727,4.2782,0.0848,43.98,3.72,50.49,4.271,1.1481,0.871
19.03.2026 15:05,43.9617,50.5032,11.7951,3.727,4.2782,0.0848,43.98,3.72,50.49,4.271,1.1481,0.871
19.03.2026 16:05,43.9617,50.5032,11.7951,3.727,4.2782,0.0848,43.98,3.72,50.49,4.271,1.1481,0.871
19.03.2026 22:05,43.9617,50.5032,11.7951,3.727,4.2782,0.0848,43.98,3.72,50.49,4.271,1.1481,0.871
20.03.2026 07:05,43.9617,50.5032,11.7951,3.727,4.2782,0.0848,43.98,3.72,50.49,4.271,1.1481,0.871
20.03.2026 08:05,43.9617,50.5032,11.7951,3.727,4.2782,0.0848,43.98,3.72,50.49,4.271,1.1481,0.871
20.03.2026 14:05,43.82,50.6778,11.8538,3.7032,4.2768,0.0845,43.97,3.7,50.77,4.2725,1.1547,0.866
20.03.2026 15:05,43.82,50.6778,11.8538,3.7032,4.2768,0.0845,43.97,3.7,50.77,4.2725,1.1547,0.866
20.03.2026 16:05,43.82,50.6778,11.8538,3.7032,4.2768,0.0845,43.97,3.7,50.77,4.2725,1.1547,0.866
20.03.2026 22:05,43.82,50.6778,11.8538,3.7032,4.2768,0.0845,43.97,3.7,50.77,4.2725,1.1547,0.866
21.03.2026 07:05,43.82,50.6778,11.8538,3.7032,4.2768,0.0845,43.89,3.7,50.68,4.2725,1.1547,0.866
21.03.2026 08:05,43.82,50.6778,11.8538,3.7032,4.2768,0.0845,43.89,3.7,50.68,4.2725,1.1547,0.866
21.03.2026 14:05,43.82,50.6778,11.8538,3.7032,4.2768,0.0845,43.89,3.7,50.68,4.2725,1.1547,0.866
22.03.2026 07:05,43.82,50.6778,11.8538,3.7032,4.2768,0.0845,43.89,3.7,50.68,4.2725,1.1547,0.866
22.03.2026 08:05,43.82,50.6778,11.8538,3.7032,4.2768,0.0845,43.89,3.7,50.68,4.2725,1.1547,0.866
22.03.2026 14:05,43.82,50.6778,11.8538,3.7032,4.2768,0.0845,43.89,3.7,50.68,4.2725,1.1547,0.866
23.03.2026 07:05,43.82,50.6778,11.8538,3.7032,4.2768,0.0845,43.88,3.7,50.73,4.2775,1.1561,0.865
23.03.2026 08:05,43.82,50.6778,11.8538,3.7032,4.2768,0.0845,43.88,3.7,50.73,4.2775,1.1561,0.865
23.03.2026 14:05,43.8288,50.883,11.9346,3.7292,4.2867,0.0851,43.88,3.7,50.73,4.2775,1.1561,0.865
23.03.2026 15:05,43.8288,50.883,11.9346,3.7292,4.2867,0.0851,43.88,3.7,50.73,4.2775,1.1561,0.865
23.03.2026 16:05,43.8288,50.883,11.9346,3.7292,4.2867,0.0851,43.88,3.7,50.73,4.2775,1.1561,0.865
23.03.2026 22:05,43.8288,50.883,11.9346,3.7292,4.2867,0.0851,43.88,3.7,50.73,4.2775,1.1561,0.865
24.03.2026 07:05,43.8288,50.883,11.9346,3.7292,4.2867,0.0851,43.69,3.67,50.68,4.2575,1.1601,0.862
24.03.2026 08:05,43.8288,50.883,11.9346,3.7292,4.2867,0.0851,43.69,3.67,50.68,4.2575,1.1601,0.862
24.03.2026 14:05,43.9205,50.8951,11.91,3.685,4.2728,0.0839,43.69,3.67,50.68,4.2575,1.1601,0.862
24.03.2026 15:05,43.9205,50.8951,11.91,3.685,4.2728,0.0839,43.69,3.67,50.68,4.2575,1.1601,0.862
24.03.2026 16:05,43.9205,50.8951,11.91,3.685,4.2728,0.0839,43.69,3.67,50.68,4.2575,1.1601,0.862
24.03.2026 22:05,43.9205,50.8951,11.91,3.685,4.2728,0.0839,43.69,3.67,50.68,4.2575,1.1601,0.862
25.03.2026 07:05,43.9205,50.8951,11.91,3.685,4.2728,0.0839,44,3.68,51.04,4.2691,1.1601,0.862
25.03.2026 08:05,43.9205,50.8951,11.91,3.685,4.2728,0.0839,44,3.68,51.04,4.2691,1.1601,0.862
25.03.2026 14:05,43.8722,50.8523,11.9069,3.6803,4.2692,0.0839,44,3.68,51.04,4.2691,1.1601,0.862
25.03.2026 15:05,43.8722,50.8523,11.9069,3.6803,4.2692,0.0839,44,3.68,51.04,4.2691,1.1601,0.862
25.03.2026 16:05,43.8722,50.8523,11.9069,3.6803,4.2692,0.0839,44,3.68,51.04,4.2691,1.1601,0.862
25.03.2026 22:05,43.8722,50.8523,11.9069,3.6803,4.2692,0.0839,44,3.68,51.04,4.2691,1.1601,0.862
26.03.2026 07:05,43.8722,50.8523,11.9069,3.6803,4.2692,0.0839,43.89,3.69,50.8,4.2708,1.1574,0.864
26.03.2026 08:05,43.8722,50.8523,11.9069,3.6803,4.2692,0.0839,43.89,3.69,50.8,4.2708,1.1574,0.864
26.03.2026 14:05,43.885,50.6104,11.8406,3.6948,4.271,0.0842,43.89,3.69,50.8,4.2708,1.1574,0.864
26.03.2026 15:05,43.885,50.6104,11.8406,3.6948,4.271,0.0842,43.89,3.69,50.8,4.2708,1.1574,0.864
26.03.2026 16:05,43.885,50.6104,11.8406,3.6948,4.271,0.0842,43.89,3.69,50.8,4.2708,1.1574,0.864
26.03.2026 22:05,43.885,50.6104,11.8406,3.6948,4.271,0.0842,43.89,3.69,50.8,4.2708,1.1574,0.864
27.03.2026 07:05,43.885,50.6104,11.8406,3.6948,4.271,0.0842,43.96,3.7,50.76,4.2725,1.1547,0.866
27.03.2026 08:05,43.885,50.6104,11.8406,3.6948,4.271,0.0842,43.96,3.7,50.76,4.2725,1.1547,0.866
27.03.2026 14:05,43.84,50.4861,11.7761,3.7206,4.2858,0.0849,43.96,3.7,50.76,4.2725,1.1547,0.866
27.03.2026 15:05,43.84,50.4861,11.7761,3.7206,4.2858,0.0849,43.96,3.7,50.76,4.2725,1.1547,0.866
27.03.2026 16:05,43.84,50.4861,11.7761,3.7206,4.2858,0.0849,43.96,3.7,50.76,4.2725,1.1547,0.866
27.03.2026 22:05,43.84,50.4861,11.7761,3.7206,4.2858,0.0849,43.96,3.7,50.76,4.2725,1.1547,0.866
28.03.2026 07:05,43.84,50.4861,11.7761,3.7206,4.2858,0.0849,43.89,3.72,50.56,4.2857,1.1521,0.868
28.03.2026 08:05,43.84,50.4861,11.7761,3.7206,4.2858,0.0849,43.89,3.72,50.56,4.2857,1.1521,0.868
28.03.2026 14:05,43.84,50.4861,11.7761,3.7206,4.2858,0.0849,43.89,3.72,50.56,4.2857,1.1521,0.868
29.03.2026 07:05,43.84,50.4861,11.7761,3.7206,4.2858,0.0849,43.89,3.72,50.56,4.2857,1.1521,0.868
29.03.2026 08:05,43.84,50.4861,11.7761,3.7206,4.2858,0.0849,43.89,3.72,50.56,4.2857,1.1521,0.868
29.03.2026 14:05,43.84,50.4861,11.7761,3.7206,4.2858,0.0849,43.89,3.72,50.56,4.2857,1.1521,0.868
30.03.2026 07:05,43.84,50.4861,11.7761,3.7206,4.2858,0.0849,43.86,3.73,50.41,4.2874,1.1494,0.87
30.03.2026 08:05,43.84,50.4861,11.7761,3.7206,4.2858,0.0849,43.86,3.73,50.41,4.2874,1.1494,0.87
30.03.2026 14:05,43.7955,50.3123,11.731,3.7257,4.2832,0.0851,43.86,3.73,50.41,4.2874,1.1494,0.87
30.03.2026 15:05,43.7955,50.3123,11.731,3.7257,4.2832,0.0851,43.86,3.73,50.41,4.2874,1.1494,0.87
30.03.2026 16:05,43.7955,50.3123,11.731,3.7257,4.2832,0.0851,43.86,3.73,50.41,4.2874,1.1494,0.87
30.03.2026 22:05,43.7955,50.3123,11.731,3.7257,4.2832,0.0851,43.86,3.73,50.41,4.2874,1.1494,0.87
31.03.2026 07:05,43.7955,50.3123,11.731,3.7257,4.2832,0.0851,43.84,3.74,50.28,4.289,1.1468,0.872
31.03.2026 08:05,43.7955,50.3123,11.731,3.7257,4.2832,0.0851,43.84,3.74,50.28,4.289,1.1468,0.872
31.03.2026 14:05,43.9175,50.4546,11.7581,3.7408,4.2894,0.0852,43.84,3.74,50.28,4.289,1.1468,0.872
31.03.2026 15:05,43.9175,50.4546,11.7581,3.7408,4.2894,0.0852,43.84,3.74,50.28,4.289,1.1468,0.872
31.03.2026 16:05,43.9175,50.4546,11.7581,3.7408,4.2894,0.0852,43.84,3.74,50.28,4.289,1.1468,0.872
31.03.2026 22:05,43.9175,50.4546,11.7581,3.7408,4.2894,0.0852,43.84,3.74,50.28,4.289,1.1468,0.872
01.04.2026 07:05,43.9175,50.4546,11.7581,3.7408,4.2894,0.0852,43.89,3.72,50.62,4.2907,1.1534,0.867
01.04.2026 08:05,43.9175,50.4546,11.7581,3.7408,4.2894,0.0852,43.89,3.72,50.62,4.2907,1.1534,0.867
01.04.2026 14:05,43.7808,50.8208,11.8734,3.6972,4.2874,0.0844,43.89,3.72,50.62,4.2907,1.1534,0.867
01.04.2026 15:05,43.7808,50.8208,11.8734,3.6972,4.2874,0.0844,43.89,3.72,50.62,4.2907,1.1534,0.867
01.04.2026 16:05,43.7808,50.8208,11.8734,3.6972,4.2874,0.0844,43.89,3.72,50.62,4.2907,1.1534,0.867
01.04.2026 22:05,43.7808,50.8208,11.8734,3.6972,4.2874,0.0844,43.89,3.72,50.62,4.2907,1.1534,0.867
02.04.2026 07:05,43.7808,50.8208,11.8734,3.6972,4.2874,0.0844,43.79,3.69,50.8,4.2807,1.1601,0.862
02.04.2026 08:05,43.7808,50.8208,11.8734,3.6972,4.2874,0.0844,43.79,3.69,50.8,4.2807,1.1601,0.862
02.04.2026 14:05,43.8144,50.4567,11.7714,3.7195,4.2869,0.0849,43.79,3.69,50.8,4.2807,1.1601,0.862
02.04.2026 15:05,43.8144,50.4567,11.7714,3.7195,4.2869,0.0849,43.79,3.69,50.8,4.2807,1.1601,0.862
02.04.2026 16:05,43.8144,50.4567,11.7714,3.7195,4.2869,0.0849,43.79,3.69,50.8,4.2807,1.1601,0.862
02.04.2026 22:05,43.8144,50.4567,11.7714,3.7195,4.2869,0.0849,43.79,3.69,50.8,4.2807,1.1601,0.862
03.04.2026 07:05,43.8144,50.4567,11.7714,3.7195,4.2869,0.0849,43.83,3.71,50.61,4.2841,1.1547,0.866
03.04.2026 08:05,43.8144,50.4567,11.7714,3.7195,4.2869,0.0849,43.83,3.71,50.61,4.2841,1.1547,0.866
03.04.2026 14:05,43.6549,50.3123,11.7802,3.7058,4.2776,0.0849,43.83,3.71,50.61,4.2841,1.1547,0.866
03.04.2026 15:05,43.6549,50.3123,11.7802,3.7058,4.2776,0.0849,43.83,3.71,50.61,4.2841,1.1547,0.866
03.04.2026 16:05,43.6549,50.3123,11.7802,3.7058,4.2776,0.0849,43.83,3.71,50.61,4.2841,1.1547,0.866
03.04.2026 22:05,43.6549,50.3123,11.7802,3.7058,4.2776,0.0849,43.83,3.71,50.61,4.2841,1.1547,0.866
04.04.2026 07:05,43.6549,50.3123,11.7802,3.7058,4.2776,0.0849,43.76,3.71,50.47,4.2791,1.1534,0.867
04.04.2026 08:05,43.6549,50.3123,11.7802,3.7058,4.2776,0.0849,43.76,3.71,50.47,4.2791,1.1534,0.867
04.04.2026 14:05,43.6549,50.3123,11.7802,3.7058,4.2776,0.0849,43.76,3.71,50.47,4.2791,1.1534,0.867
05.04.2026 07:05,43.6549,50.3123,11.7802,3.7058,4.2776,0.0849,43.76,3.71,50.47,4.2791,1.1534,0.867
05.04.2026 08:05,43.6549,50.3123,11.7802,3.7058,4.2776,0.0849,43.76,3.71,50.47,4.2791,1.1534,0.867
05.04.2026 14:05,43.6549,50.3123,11.7802,3.7058,4.2776,0.0849,43.76,3.71,50.47,4.2791,1.1534,0.867
06.04.2026 07:05,43.6549,50.3123,11.7802,3.7058,4.2776,0.0849,43.69,3.71,50.33,4.2742,1.1521,0.868
06.04.2026 08:05,43.6549,50.3123,11.7802,3.7058,4.2776,0.0849,43.69,3.71,50.33,4.2742,1.1521,0.868
06.04.2026 14:05,43.5831,50.321,11.7983,3.7058,4.2776,0.085,43.69,3.71,50.33,4.2742,1.1521,0.868
06.04.2026 15:05,43.5831,50.321,11.7983,3.7058,4.2776,0.085,43.69,3.71,50.33,4.2742,1.1521,0.868
06.04.2026 16:05,43.5831,50.321,11.7983,3.7058,4.2776,0.085,43.69,3.71,50.33,4.2742,1.1521,0.868
06.04.2026 22:05,43.5831,50.321,11.7983,3.7058,4.2776,0.085,43.69,3.71,50.33,4.2742,1.1521,0.868
07.04.2026 07:05,43.5831,50.321,11.7983,3.7058,4.2776,0.085,43.63,3.7,50.38,4.2725,1.1547,0.866
07.04.2026 08:05,43.5831,50.321,11.7983,3.7058,4.2776,0.085,43.63,3.7,50.38,4.2725,1.1547,0.866
07.04.2026 14:05,43.4946,50.2711,11.7639,3.6888,4.2694,0.0848,43.63,3.7,50.38,4.2725,1.1547,0.866
07.04.2026 15:05,43.4946,50.2711,11.7639,3.6888,4.2694,0.0848,43.63,3.7,50.38,4.2725,1.1547,0.866
07.04.2026 16:05,43.4946,50.2711,11.7639,3.6888,4.2694,0.0848,43.63,3.7,50.38,4.2725,1.1547,0.866
07.04.2026 22:05,43.4946,50.2711,11.7639,3.6888,4.2694,0.0848,43.63,3.7,50.38,4.2725,1.1547,0.866
08.04.2026 07:05,43.4946,50.2711,11.7639,3.6888,4.2694,0.0848,43.53,3.69,50.56,4.2857,1.1614,0.861
08.04.2026 08:05,43.4946,50.2711,11.7639,3.6888,4.2694,0.0848,43.53,3.69,50.56,4.2857,1.1614,0.861
08.04.2026 14:05,43.3792,50.758,11.9295,3.6489,4.2623,0.0841,43.53,3.69,50.56,4.2857,1.1614,0.861
08.04.2026 15:05,43.3792,50.758,11.9295,3.6489,4.2623,0.0841,43.53,3.69,50.56,4.2857,1.1614,0.861
08.04.2026 16:05,43.3792,50.758,11.9295,3.6489,4.2623,0.0841,43.53,3.69,50.56,4.2857,1.1614,0.861
08.04.2026 22:05,43.3792,50.758,11.9295,3.6489,4.2623,0.0841,43.53,3.69,50.56,4.2857,1.1614,0.861
09.04.2026 07:05,43.3792,50.758,11.9295,3.6489,4.2623,0.0841,43.39,3.64,50.69,4.2523,1.1682,0.856
09.04.2026 08:05,43.3792,50.758,11.9295,3.6489,4.2623,0.0841,43.39,3.64,50.69,4.2523,1.1682,0.856
09.04.2026 14:05,43.4653,50.7979,11.9371,3.6506,4.261,0.084,43.39,3.64,50.69,4.2523,1.1682,0.856
09.04.2026 15:05,43.4653,50.7979,11.9371,3.6506,4.261,0.084,43.39,3.64,50.69,4.2523,1.1682,0.856
09.04.2026 16:05,43.4653,50.7979,11.9371,3.6506,4.261,0.084,43.39,3.64,50.69,4.2523,1.1682,0.856
09.04.2026 22:05,43.4653,50.7979,11.9371,3.6506,4.261,0.084,43.39,3.64,50.69,4.2523,1.1682,0.856
10.04.2026 07:05,43.4653,50.7979,11.9371,3.6506,4.261,0.084,43.45,3.63,50.82,4.2456,1.1696,0.855
10.04.2026 08:05,43.4653,50.7979,11.9371,3.6506,4.261,0.084,43.45,3.63,50.82,4.2456,1.1696,0.855
10.04.2026 14:05,43.4587,50.9075,11.9956,3.6396,4.2534,0.0837,43.45,3.63,50.82,4.2456,1.1696,0.855
10.04.2026 15:05,43.4587,50.9075,11.9956,3.6396,4.2534,0.0837,43.45,3.63,50.82,4.2456,1.1696,0.855
10.04.2026 16:05,43.4587,50.9075,11.9956,3.6396,4.2534,0.0837,43.45,3.63,50.82,4.2456,1.1696,0.855
10.04.2026 22:05,43.4587,50.9075,11.9956,3.6396,4.2534,0.0837,43.45,3.63,50.82,4.2456,1.1696,0.855
11.04.2026 07:05,43.4587,50.9075,11.9956,3.6396,4.2534,0.0837,43.43,3.63,50.91,4.2556,1.1723,0.853
11.04.2026 08:05,43.4587,50.9075,11.9956,3.6396,4.2534,0.0837,43.43,3.63,50.91,4.2556,1.1723,0.853
11.04.2026 14:05,43.4587,50.9075,11.9956,3.6396,4.2534,0.0837,43.43,3.63,50.91,4.2556,1.1723,0.853
12.04.2026 07:05,43.4587,50.9075,11.9956,3.6396,4.2534,0.0837,43.43,3.63,50.91,4.2556,1.1723,0.853
12.04.2026 08:05,43.4587,50.9075,11.9956,3.6396,4.2534,0.0837,43.43,3.63,50.91,4.2556,1.1723,0.853
12.04.2026 14:05,43.4587,50.9075,11.9956,3.6396,4.2534,0.0837,43.43,3.63,50.91,4.2556,1.1723,0.853
13.04.2026 07:05,43.4587,50.9075,11.9956,3.6396,4.2534,0.0837,43.44,3.64,50.75,4.2523,1.1682,0.856
13.04.2026 08:05,43.4587,50.9075,11.9956,3.6396,4.2534,0.0837,43.44,3.64,50.75,4.2523,1.1682,0.856
13.04.2026 14:05,43.4372,50.752,11.9336,3.6374,4.2507,0.0837,43.44,3.64,50.75,4.2523,1.1682,0.856
13.04.2026 15:05,43.4372,50.752,11.9336,3.6374,4.2507,0.0837,43.44,3.64,50.75,4.2523,1.1682,0.856
13.04.2026 16:05,43.4372,50.752,11.9336,3.6374,4.2507,0.0837,43.44,3.64,50.75,4.2523,1.1682,0.856
13.04.2026 22:05,43.4372,50.752,11.9336,3.6374,4.2507,0.0837,43.44,3.64,50.75,4.2523,1.1682,0.856
14.04.2026 07:05,43.4372,50.752,11.9336,3.6374,4.2507,0.0837,43.48,3.63,51.03,4.2606,1.1737,0.852
14.04.2026 08:05,43.4372,50.752,11.9336,3.6374,4.2507,0.0837,43.48,3.63,51.03,4.2606,1.1737,0.852
14.04.2026 14:05,43.4997,51.3253,12.0977,3.6015,4.2436,0.0828,43.48,3.63,51.03,4.2606,1.1737,0.852
14.04.2026 15:05,43.4997,51.3253,12.0977,3.6015,4.2436,0.0828,43.48,3.63,51.03,4.2606,1.1737,0.852
14.04.2026 16:05,43.4997,51.3253,12.0977,3.6015,4.2436,0.0828,43.48,3.63,51.03,4.2606,1.1737,0.852
14.04.2026 22:05,43.4997,51.3253,12.0977,3.6015,4.2436,0.0828,43.48,3.63,51.03,4.2606,1.1737,0.852
15.04.2026 07:05,43.4997,51.3253,12.0977,3.6015,4.2436,0.0828,43.49,3.6,51.29,4.2453,1.1792,0.848
15.04.2026 08:05,43.4997,51.3253,12.0977,3.6015,4.2436,0.0828,43.49,3.6,51.29,4.2453,1.1792,0.848
15.04.2026 14:05,43.5152,51.2718,12.0886,3.5939,4.237,0.0826,43.49,3.6,51.29,4.2453,1.1792,0.848
15.04.2026 15:05,43.5152,51.2718,12.0886,3.5939,4.237,0.0826,43.49,3.6,51.29,4.2453,1.1792,0.848
15.04.2026 16:05,43.5152,51.2718,12.0886,3.5939,4.237,0.0826,43.49,3.6,51.29,4.2453,1.1792,0.848
15.04.2026 22:05,43.5152,51.2718,12.0886,3.5939,4.237,0.0826,43.49,3.6,51.29,4.2453,1.1792,0.848
16.04.2026 07:05,43.5152,51.2718,12.0886,3.5939,4.237,0.0826,43.5,3.59,51.3,4.2335,1.1792,0.848
16.04.2026 08:05,43.5152,51.2718,12.0886,3.5939,4.237,0.0826,43.5,3.59,51.3,4.2335,1.1792,0.848
16.04.2026 14:05,43.6368,51.4216,12.1217,3.5983,4.2411,0.0825,43.5,3.59,51.3,4.2335,1.1792,0.848
16.04.2026 15:05,43.6368,51.4216,12.1217,3.5983,4.2411,0.0825,43.5,3.59,51.3,4.2335,1.1792,0.848
16.04.2026 16:05,43.6368,51.4216,12.1217,3.5983,4.2411,0.0825,43.5,3.59,51.3,4.2335,1.1792,0.848
16.04.2026 22:05,43.6368,51.4216,12.1217,3.5983,4.2411,0.0825,43.5,3.59,51.3,4.2335,1.1792,0.848
17.04.2026 07:05,43.6368,51.4216,12.1217,3.5983,4.2411,0.0825,43.62,3.6,51.38,4.2403,1.1779,0.849
17.04.2026 08:05,43.6368,51.4216,12.1217,3.5983,4.2411,0.0825,43.62,3.6,51.38,4.2403,1.1779,0.849
17.04.2026 14:05,43.8943,51.7667,12.2313,3.5912,4.2355,0.0818,43.62,3.6,51.38,4.2403,1.1779,0.849
17.04.2026 15:05,43.8943,51.7667,12.2313,3.5912,4.2355,0.0818,43.62,3.6,51.38,4.2403,1.1779,0.849
17.04.2026 16:05,43.8943,51.7667,12.2313,3.5912,4.2355,0.0818,43.62,3.6,51.38,4.2403,1.1779,0.849
17.04.2026 22:05,43.8943,51.7667,12.2313,3.5912,4.2355,0.0818,43.62,3.6,51.38,4.2403,1.1779,0.849
18.04.2026 07:05,43.8943,51.7667,12.2313,3.5912,4.2355,0.0818,43.86,3.59,51.72,4.2335,1.1792,0.848
18.04.2026 08:05,43.8943,51.7667,12.2313,3.5912,4.2355,0.0818,43.86,3.59,51.72,4.2335,1.1792,0.848
18.04.2026 14:05,43.8943,51.7667,12.2313,3.5912,4.2355,0.0818,43.86,3.59,51.72,4.2335,1.1792,0.848
19.04.2026 07:05,43.8943,51.7667,12.2313,3.5912,4.2355,0.0818,43.85,3.59,51.65,4.2285,1.1779,0.849
19.04.2026 08:05,43.8943,51.7667,12.2313,3.5912,4.2355,0.0818,43.85,3.59,51.65,4.2285,1.1779,0.849
19.04.2026 14:05,43.8943,51.7667,12.2313,3.5912,4.2355,0.0818,43.85,3.59,51.65,4.2285,1.1779,0.849
20.04.2026 07:05,43.8943,51.7667,12.2313,3.5912,4.2355,0.0818,43.97,3.6,51.67,4.2303,1.1751,0.851
20.04.2026 08:05,43.8943,51.7667,12.2313,3.5912,4.2355,0.0818,43.97,3.6,51.67,4.2303,1.1751,0.851
20.04.2026 14:05,44.1004,51.8929,12.26,3.6005,4.2346,0.0816,43.97,3.6,51.67,4.2303,1.1751,0.851
20.04.2026 15:05,44.1004,51.8929,12.26,3.6005,4.2346,0.0816,43.97,3.6,51.67,4.2303,1.1751,0.851
20.04.2026 16:05,44.1004,51.8929,12.26,3.6005,4.2346,0.0816,43.97,3.6,51.67,4.2303,1.1751,0.851
20.04.2026 22:05,44.1004,51.8929,12.26,3.6005,4.2346,0.0816,43.97,3.6,51.67,4.2303,1.1751,0.851
21.04.2026 07:05,44.1004,51.8929,12.26,3.6005,4.2346,0.0816,44.13,3.59,51.98,4.2285,1.1779,0.849
21.04.2026 08:05,44.1004,51.8929,12.26,3.6005,4.2346,0.0816,44.13,3.59,51.98,4.2285,1.1779,0.849
21.04.2026 14:05,44.116,51.9113,12.2691,3.597,4.232,0.0815,44.13,3.59,51.98,4.2285,1.1779,0.849
21.04.2026 15:05,44.116,51.9113,12.2691,3.597,4.232,0.0815,44.13,3.59,51.98,4.2285,1.1779,0.849
21.04.2026 16:05,44.116,51.9113,12.2691,3.597,4.232,0.0815,44.13,3.59,51.98,4.2285,1.1779,0.849
21.04.2026 22:05,44.116,51.9113,12.2691,3.597,4.232,0.0815,44.13,3.59,51.98,4.2285,1.1779,0.849
22.04.2026 07:05,44.116,51.9113,12.2691,3.597,4.232,0.0815,44.14,3.6,51.87,4.2303,1.1751,0.851
22.04.2026 08:05,44.116,51.9113,12.2691,3.597,4.232,0.0815,44.14,3.6,51.87,4.2303,1.1751,0.851
22.04.2026 14:05,43.8873,51.4974,12.1252,3.608,4.2408,0.0822,44.14,3.6,51.87,4.2303,1.1751,0.851
22.04.2026 15:05,43.8873,51.4974,12.1252,3.608,4.2408,0.0822,44.14,3.6,51.87,4.2303,1.1751,0.851
22.04.2026 16:05,43.8873,51.4974,12.1252,3.608,4.2408,0.0822,44.14,3.6,51.87,4.2303,1.1751,0.851
22.04.2026 22:05,43.8873,51.4974,12.1252,3.608,4.2408,0.0822,44.14,3.6,51.87,4.2303,1.1751,0.851
23.04.2026 07:05,43.8873,51.4974,12.1252,3.608,4.2408,0.0822,43.96,3.62,51.54,4.2438,1.1723,0.853
23.04.2026 08:05,43.8873,51.4974,12.1252,3.608,4.2408,0.0822,43.96,3.62,51.54,4.2438,1.1723,0.853
23.04.2026 14:05,43.9412,51.3804,12.1043,3.6321,4.2501,0.0827,43.96,3.62,51.54,4.2438,1.1723,0.853
23.04.2026 15:05,43.9412,51.3804,12.1043,3.6321,4.2501,0.0827,43.96,3.62,51.54,4.2438,1.1723,0.853
23.04.2026 16:05,43.9412,51.3804,12.1043,3.6321,4.2501,0.0827,43.96,3.62,51.54,4.2438,1.1723,0.853
23.04.2026 22:05,43.9412,51.3804,12.1043,3.6321,4.2501,0.0827,43.96,3.62,51.54,4.2438,1.1723,0.853
24.04.2026 07:05,43.9412,51.3804,12.1043,3.6321,4.2501,0.0827,43.94,3.63,51.39,4.2456,1.1696,0.855
24.04.2026 08:05,43.9412,51.3804,12.1043,3.6321,4.2501,0.0827,43.94,3.63,51.39,4.2456,1.1696,0.855
24.04.2026 14:05,44.0039,51.5484,12.1564,3.6294,4.2428,0.0825,43.94,3.63,51.39,4.2456,1.1696,0.855
24.04.2026 15:05,44.0039,51.5484,12.1564,3.6294,4.2428,0.0825,43.94,3.63,51.39,4.2456,1.1696,0.855
24.04.2026 16:05,44.0039,51.5484,12.1564,3.6294,4.2428,0.0825,43.94,3.63,51.39,4.2456,1.1696,0.855
24.04.2026 22:05,44.0039,51.5484,12.1564,3.6294,4.2428,0.0825,43.94,3.63,51.39,4.2456,1.1696,0.855
25.04.2026 07:05,44.0039,51.5484,12.1564,3.6294,4.2428,0.0825,44.04,3.62,51.57,4.2389,1.171,0.854
25.04.2026 08:05,44.0039,51.5484,12.1564,3.6294,4.2428,0.0825,44.04,3.62,51.57,4.2389,1.171,0.854
25.04.2026 14:05,44.0039,51.5484,12.1564,3.6294,4.2428,0.0825,44.04,3.62,51.57,4.2389,1.171,0.854
26.04.2026 07:05,44.0039,51.5484,12.1564,3.6294,4.2428,0.0825,44.03,3.62,51.56,4.2389,1.171,0.854
26.04.2026 08:05,44.0039,51.5484,12.1564,3.6294,4.2428,0.0825,44.03,3.62,51.56,4.2389,1.171,0.854
26.04.2026 14:05,44.0039,51.5484,12.1564,3.6294,4.2428,0.0825,44.03,3.62,51.56,4.2389,1.171,0.854
27.04.2026 07:05,44.0039,51.5484,12.1564,3.6294,4.2428,0.0825,43.95,3.62,51.46,4.2389,1.171,0.854
27.04.2026 08:05,44.0039,51.5484,12.1564,3.6294,4.2428,0.0825,43.95,3.62,51.46,4.2389,1.171,0.854
27.04.2026 14:05,44.0894,51.761,12.1939,3.613,4.2445,0.0819,43.95,3.62,51.46,4.2389,1.171,0.854
27.04.2026 15:05,44.0894,51.761,12.1939,3.613,4.2445,0.0819,43.95,3.62,51.46,4.2389,1.171,0.854
27.04.2026 16:05,44.0894,51.761,12.1939,3.613,4.2445,0.0819,43.95,3.62,51.46,4.2389,1.171,0.854
27.04.2026 22:05,44.0894,51.761,12.1939,3.613,4.2445,0.0819,43.95,3.62,51.46,4.2389,1.171,0.854
28.04.2026 07:05,44.0894,51.761,12.1939,3.613,4.2445,0.0819,44.08,3.62,51.68,4.2438,1.1723,0.853
28.04.2026 08:05,44.0894,51.761,12.1939,3.613,4.2445,0.0819,44.08,3.62,51.68,4.2438,1.1723,0.853
28.04.2026 14:05,44.0735,51.4999,12.1218,3.6293,4.247,0.0823,44.08,3.62,51.68,4.2438,1.1723,0.853
28.04.2026 15:05,44.0735,51.4999,12.1218,3.6293,4.247,0.0823,44.08,3.62,51.68,4.2438,1.1723,0.853
28.04.2026 16:05,44.0735,51.4999,12.1218,3.6293,4.247,0.0823,44.08,3.62,51.68,4.2438,1.1723,0.853
28.04.2026 22:05,44.0735,51.4999,12.1218,3.6293,4.247,0.0823,44.08,3.62,51.68,4.2438,1.1723,0.853
29.04.2026 07:05,44.0735,51.4999,12.1218,3.6293,4.247,0.0823,44.08,3.63,51.62,4.2506,1.171,0.854
29.04.2026 08:05,44.0735,51.4999,12.1218,3.6293,4.247,0.0823,44.08,3.63,51.62,4.2506,1.171,0.854
29.04.2026 14:05,44.082,51.5803,12.1291,3.6356,4.2537,0.0825,44.08,3.63,51.62,4.2506,1.171,0.854
29.04.2026 15:05,44.082,51.5803,12.1291,3.6356,4.2537,0.0825,44.08,3.63,51.62,4.2506,1.171,0.854
29.04.2026 16:05,44.082,51.5803,12.1291,3.6356,4.2537,0.0825,44.08,3.63,51.62,4.2506,1.171,0.854
29.04.2026 22:05,44.082,51.5803,12.1291,3.6356,4.2537,0.0825,44.08,3.63,51.62,4.2506,1.171,0.854
30.04.2026 07:05,44.082,51.5803,12.1291,3.6356,4.2537,0.0825,44.07,3.64,51.48,4.2523,1.1682,0.856
30.04.2026 08:05,44.082,51.5803,12.1291,3.6356,4.2537,0.0825,44.07,3.64,51.48,4.2523,1.1682,0.856
30.04.2026 14:05,43.963,51.4587,12.0784,3.646,4.2589,0.0829,44.07,3.64,51.48,4.2523,1.1682,0.856
30.04.2026 15:05,43.963,51.4587,12.0784,3.646,4.2589,0.0829,44.07,3.64,51.48,4.2523,1.1682,0.856
30.04.2026 16:05,43.963,51.4587,12.0784,3.646,4.2589,0.0829,44.07,3.64,51.48,4.2523,1.1682,0.856
30.04.2026 22:05,43.963,51.4587,12.0784,3.646,4.2589,0.0829,44.07,3.64,51.48,4.2523,1.1682,0.856
01.05.2026 07:05,43.963,51.4587,12.0784,3.646,4.2589,0.0829,44.08,3.63,51.68,4.2556,1.1723,0.853
01.05.2026 08:05,43.963,51.4587,12.0784,3.646,4.2589,0.0829,44.08,3.63,51.68,4.2556,1.1723,0.853
01.05.2026 14:05,43.9129,51.5977,12.1293,3.646,4.2589,0.083,44.08,3.63,51.68,4.2556,1.1723,0.853
01.05.2026 15:05,43.9129,51.5977,12.1293,3.646,4.2589,0.083,44.08,3.63,51.68,4.2556,1.1723,0.853
01.05.2026 16:05,43.9129,51.5977,12.1293,3.646,4.2589,0.083,44.08,3.63,51.68,4.2556,1.1723,0.853
01.05.2026 22:05,43.9129,51.5977,12.1293,3.646,4.2589,0.083,44.08,3.63,51.68,4.2556,1.1723,0.853
02.05.2026 07:05,43.9129,51.5977,12.1293,3.646,4.2589,0.083,44,3.62,51.58,4.2438,1.1723,0.853
02.05.2026 08:05,43.9129,51.5977,12.1293,3.646,4.2589,0.083,44,3.62,51.58,4.2438,1.1723,0.853
02.05.2026 14:05,43.9129,51.5977,12.1293,3.646,4.2589,0.083,44,3.62,51.58,4.2438,1.1723,0.853
03.05.2026 07:05,43.9129,51.5977,12.1293,3.646,4.2589,0.083,44.01,3.63,51.59,4.2556,1.1723,0.853
03.05.2026 08:05,43.9129,51.5977,12.1293,3.646,4.2589,0.083,44.01,3.63,51.59,4.2556,1.1723,0.853
03.05.2026 14:05,43.9129,51.5977,12.1293,3.646,4.2589,0.083,44.01,3.63,51.59,4.2556,1.1723,0.853
04.05.2026 07:05,43.9129,51.5977,12.1293,3.646,4.2589,0.083,43.95,3.62,51.58,4.2488,1.1737,0.852
04.05.2026 08:05,43.9129,51.5977,12.1293,3.646,4.2589,0.083,43.95,3.62,51.58,4.2488,1.1737,0.852
04.05.2026 14:05,44,51.458,12.0882,3.6303,4.2544,0.0825,43.95,3.62,51.58,4.2488,1.1737,0.852
04.05.2026 15:05,44,51.458,12.0882,3.6303,4.2544,0.0825,43.95,3.62,51.58,4.2488,1.1737,0.852
04.05.2026 16:05,44,51.458,12.0882,3.6303,4.2544,0.0825,43.95,3.62,51.58,4.2488,1.1737,0.852
04.05.2026 22:05,44,51.458,12.0882,3.6303,4.2544,0.0825,43.95,3.62,51.58,4.2488,1.1737,0.852
05.05.2026 07:05,44,51.458,12.0882,3.6303,4.2544,0.0825,44.01,3.64,51.47,4.2573,1.1696,0.855
05.05.2026 08:05,44,51.458,12.0882,3.6303,4.2544,0.0825,44.01,3.64,51.47,4.2573,1.1696,0.855
05.05.2026 14:05,43.9698,51.3963,12.0803,3.6403,4.2551,0.0828,44.01,3.64,51.47,4.2573,1.1696,0.855
05.05.2026 15:05,43.9698,51.3963,12.0803,3.6403,4.2551,0.0828,44.01,3.64,51.47,4.2573,1.1696,0.855
05.05.2026 16:05,43.9698,51.3963,12.0803,3.6403,4.2551,0.0828,44.01,3.64,51.47,4.2573,1.1696,0.855
05.05.2026 22:05,43.9698,51.3963,12.0803,3.6403,4.2551,0.0828,44.01,3.64,51.47,4.2573,1.1696,0.855
06.05.2026 07:05,43.9698,51.3963,12.0803,3.6403,4.2551,0.0828,44,3.63,51.52,4.2506,1.171,0.854
06.05.2026 08:05,43.9698,51.3963,12.0803,3.6403,4.2551,0.0828,44,3.63,51.52,4.2506,1.171,0.854
06.05.2026 14:05,43.8528,51.6147,12.1983,3.6005,4.2351,0.0821,44,3.63,51.52,4.2506,1.171,0.854
06.05.2026 15:05,43.8528,51.6147,12.1983,3.6005,4.2351,0.0821,44,3.63,51.52,4.2506,1.171,0.854
06.05.2026 16:05,43.8528,51.6147,12.1983,3.6005,4.2351,0.0821,44,3.63,51.52,4.2506,1.171,0.854
06.05.2026 22:05,43.8528,51.6147,12.1983,3.6005,4.2351,0.0821,44,3.63,51.52,4.2506,1.171,0.854
07.05.2026 07:05,43.8528,51.6147,12.1983,3.6005,4.2351,0.0821,43.89,3.6,51.57,4.2303,1.1751,0.851
07.05.2026 08:05,43.8528,51.6147,12.1983,3.6005,4.2351,0.0821,43.89,3.6,51.57,4.2303,1.1751,0.851
07.05.2026 14:05,43.8033,51.5433,12.1947,3.5921,4.2286,0.082,43.89,3.6,51.57,4.2303,1.1751,0.851
07.05.2026 15:05,43.8033,51.5433,12.1947,3.5921,4.2286,0.082,43.89,3.6,51.57,4.2303,1.1751,0.851
07.05.2026 16:05,43.8033,51.5433,12.1947,3.5921,4.2286,0.082,43.89,3.6,51.57,4.2303,1.1751,0.851
07.05.2026 22:05,43.8033,51.5433,12.1947,3.5921,4.2286,0.082,43.89,3.6,51.57,4.2303,1.1751,0.851
08.05.2026 07:05,43.8033,51.5433,12.1947,3.5921,4.2286,0.082,43.82,3.6,51.49,4.2303,1.1751,0.851
08.05.2026 08:05,43.8033,51.5433,12.1947,3.5921,4.2286,0.082,43.82,3.6,51.49,4.2303,1.1751,0.851
08.05.2026 14:05,43.855,51.5998,12.1945,3.5947,4.2284,0.082,43.82,3.6,51.49,4.2303,1.1751,0.851
08.05.2026 15:05,43.855,51.5998,12.1945,3.5947,4.2284,0.082,43.82,3.6,51.49,4.2303,1.1751,0.851
08.05.2026 16:05,43.855,51.5998,12.1945,3.5947,4.2284,0.082,43.82,3.6,51.49,4.2303,1.1751,0.851
08.05.2026 22:05,43.855,51.5998,12.1945,3.5947,4.2284,0.082,43.82,3.6,51.49,4.2303,1.1751,0.851
09.05.2026 07:05,43.855,51.5998,12.1945,3.5947,4.2284,0.082,43.85,3.6,51.65,4.2403,1.1779,0.849
09.05.2026 08:05,43.855,51.5998,12.1945,3.5947,4.2284,0.082,43.85,3.6,51.65,4.2403,1.1779,0.849
09.05.2026 14:05,43.855,51.5998,12.1945,3.5947,4.2284,0.082,43.85,3.6,51.65,4.2403,1.1779,0.849
10.05.2026 07:05,43.855,51.5998,12.1945,3.5947,4.2284,0.082,43.85,3.6,51.65,4.2403,1.1779,0.849
10.05.2026 08:05,43.855,51.5998,12.1945,3.5947,4.2284,0.082,43.85,3.6,51.65,4.2403,1.1779,0.849
10.05.2026 14:05,43.855,51.5998,12.1945,3.5947,4.2284,0.082,43.85,3.6,51.65,4.2403,1.1779,0.849
11.05.2026 07:05,43.855,51.5998,12.1945,3.5947,4.2284,0.082,43.85,3.6,51.59,4.2353,1.1765,0.85
11.05.2026 08:05,43.855,51.5998,12.1945,3.5947,4.2284,0.082,43.85,3.6,51.59,4.2353,1.1765,0.85
11.05.2026 14:05,43.9584,51.7237,12.2019,3.6007,4.2386,0.0819,43.85,3.6,51.59,4.2353,1.1765,0.85
11.05.2026 15:05,43.9584,51.7237,12.2019,3.6007,4.2386,0.0819,43.85,3.6,51.59,4.2353,1.1765,0.85
11.05.2026 16:05,43.9584,51.7237,12.2019,3.6007,4.2386,0.0819,43.85,3.6,51.59,4.2353,1.1765,0.85
11.05.2026 22:05,43.9584,51.7237,12.2019,3.6007,4.2386,0.0819,43.85,3.6,51.59,4.2353,1.1765,0.85
12.05.2026 07:05,43.9584,51.7237,12.2019,3.6007,4.2386,0.0819,43.93,3.6,51.68,4.2353,1.1765,0.85
12.05.2026 08:05,43.9584,51.7237,12.2019,3.6007,4.2386,0.0819,43.93,3.6,51.68,4.2353,1.1765,0.85
12.05.2026 14:05,43.9709,51.6416,12.1591,3.6167,4.2478,0.0823,43.93,3.6,51.68,4.2353,1.1765,0.85
12.05.2026 15:05,43.9709,51.6416,12.1591,3.6167,4.2478,0.0823,43.93,3.6,51.68,4.2353,1.1765,0.85
12.05.2026 16:05,43.9709,51.6416,12.1591,3.6167,4.2478,0.0823,43.93,3.6,51.68,4.2353,1.1765,0.85
12.05.2026 22:05,43.9709,51.6416,12.1591,3.6167,4.2478,0.0823,43.93,3.6,51.68,4.2353,1.1765,0.85
13.05.2026 07:05,43.9709,51.6416,12.1591,3.6167,4.2478,0.0823,43.97,3.62,51.61,4.2488,1.1737,0.852
13.05.2026 08:05,43.9709,51.6416,12.1591,3.6167,4.2478,0.0823,43.97,3.62,51.61,4.2488,1.1737,0.852
13.05.2026 14:05,43.9694,51.5014,12.1155,3.6336,4.2524,0.0826,43.97,3.62,51.61,4.2488,1.1737,0.852
13.05.2026 15:05,43.9694,51.5014,12.1155,3.6336,4.2524,0.0826,43.97,3.62,51.61,4.2488,1.1737,0.852
13.05.2026 16:05,43.9694,51.5014,12.1155,3.6336,4.2524,0.0826,43.97,3.62,51.61,4.2488,1.1737,0.852
13.05.2026 22:05,43.9694,51.5014,12.1155,3.6336,4.2524,0.0826,43.97,3.62,51.61,4.2488,1.1737,0.852
14.05.2026 07:05,43.9694,51.5014,12.1155,3.6336,4.2524,0.0826,43.97,3.63,51.49,4.2506,1.171,0.854
14.05.2026 08:05,43.9694,51.5014,12.1155,3.6336,4.2524,0.0826,43.97,3.63,51.49,4.2506,1.171,0.854
14.05.2026 14:05,43.9569,51.4384,12.1378,3.6205,4.2401,0.0824,43.97,3.63,51.49,4.2506,1.171,0.854
14.05.2026 15:05,43.9569,51.4384,12.1378,3.6205,4.2401,0.0824,43.97,3.63,51.49,4.2506,1.171,0.854
14.05.2026 16:05,43.9569,51.4384,12.1378,3.6205,4.2401,0.0824,43.97,3.63,51.49,4.2506,1.171,0.854
14.05.2026 22:05,43.9569,51.4384,12.1378,3.6205,4.2401,0.0824,43.97,3.63,51.49,4.2506,1.171,0.854
15.05.2026 07:05,43.9569,51.4384,12.1378,3.6205,4.2401,0.0824,43.96,3.63,51.36,4.2407,1.1682,0.856
15.05.2026 08:05,43.9569,51.4384,12.1378,3.6205,4.2401,0.0824,43.96,3.63,51.36,4.2407,1.1682,0.856
15.05.2026 14:05,44.0724,51.2606,12.0746,3.6525,4.2489,0.0829,43.96,3.63,51.36,4.2407,1.1682,0.856
15.05.2026 15:05,44.0724,51.2606,12.0746,3.6525,4.2489,0.0829,43.96,3.63,51.36,4.2407,1.1682,0.856
15.05.2026 16:05,44.0724,51.2606,12.0746,3.6525,4.2489,0.0829,43.96,3.63,51.36,4.2407,1.1682,0.856
15.05.2026 22:05,44.0724,51.2606,12.0746,3.6525,4.2489,0.0829,43.96,3.63,51.36,4.2407,1.1682,0.856
16.05.2026 07:05,44.0724,51.2606,12.0746,3.6525,4.2489,0.0829,44.08,3.65,51.26,4.2442,1.1628,0.86
16.05.2026 08:05,44.0724,51.2606,12.0746,3.6525,4.2489,0.0829,44.08,3.65,51.26,4.2442,1.1628,0.86
16.05.2026 14:05,44.0724,51.2606,12.0746,3.6525,4.2489,0.0829,44.08,3.65,51.26,4.2442,1.1628,0.86
17.05.2026 07:05,44.0724,51.2606,12.0746,3.6525,4.2489,0.0829,44.08,3.65,51.26,4.2442,1.1628,0.86
17.05.2026 08:05,44.0724,51.2606,12.0746,3.6525,4.2489,0.0829,44.08,3.65,51.26,4.2442,1.1628,0.86
17.05.2026 14:05,44.0724,51.2606,12.0746,3.6525,4.2489,0.0829,44.08,3.65,51.26,4.2442,1.1628,0.86
18.05.2026 07:05,44.0724,51.2606,12.0746,3.6525,4.2489,0.0829,44.12,3.65,51.24,4.2393,1.1614,0.861
18.05.2026 08:05,44.0724,51.2606,12.0746,3.6525,4.2489,0.0829,44.12,3.65,51.24,4.2393,1.1614,0.861
18.05.2026 14:05,44.1591,51.41,12.112,3.6451,4.2434,0.0825,44.12,3.65,51.24,4.2393,1.1614,0.861
18.05.2026 15:05,44.1591,51.41,12.112,3.6451,4.2434,0.0825,44.12,3.65,51.24,4.2393,1.1614,0.861
18.05.2026 16:05,44.1591,51.41,12.112,3.6451,4.2434,0.0825,44.12,3.65,51.24,4.2393,1.1614,0.861
18.05.2026 22:05,44.1591,51.41,12.112,3.6451,4.2434,0.0825,44.12,3.65,51.24,4.2393,1.1614,0.861
19.05.2026 07:05,44.1591,51.41,12.112,3.6451,4.2434,0.0825,44.13,3.64,51.43,4.2424,1.1655,0.858
19.05.2026 08:05,44.1591,51.41,12.112,3.6451,4.2434,0.0825,44.13,3.64,51.43,4.2424,1.1655,0.858
19.05.2026 14:05,44.153,51.297,12.0888,3.6467,4.2389,0.0826,44.13,3.64,51.43,4.2424,1.1655,0.858
19.05.2026 15:05,44.153,51.297,12.0888,3.6467,4.2389,0.0826,44.13,3.64,51.43,4.2424,1.1655,0.858
19.05.2026 16:05,44.153,51.297,12.0888,3.6467,4.2389,0.0826,44.13,3.64,51.43,4.2424,1.1655,0.858
19.05.2026 22:05,44.153,51.297,12.0888,3.6467,4.2389,0.0826,44.13,3.64,51.43,4.2424,1.1655,0.858
20.05.2026 07:05,44.153,51.297,12.0888,3.6467,4.2389,0.0826,44.16,3.66,51.29,4.2509,1.1614,0.861
20.05.2026 08:05,44.153,51.297,12.0888,3.6467,4.2389,0.0826,44.16,3.66,51.29,4.2509,1.1614,0.861
20.05.2026 14:05,44.2271,51.3034,12.0579,3.6709,4.2546,0.083,44.16,3.66,51.29,4.2509,1.1614,0.861
20.05.2026 15:05,44.2271,51.3034,12.0579,3.6709,4.2546,0.083,44.16,3.66,51.29,4.2509,1.1614,0.861
20.05.2026 16:05,44.2271,51.3034,12.0579,3.6709,4.2546,0.083,44.16,3.66,51.29,4.2509,1.1614,0.861
20.05.2026 22:05,44.2271,51.3034,12.0579,3.6709,4.2546,0.083,44.16,3.66,51.29,4.2509,1.1614,0.861
21.05.2026 07:05,44.2271,51.3034,12.0579,3.6709,4.2546,0.083,44.21,3.66,51.35,4.2509,1.1614,0.861
21.05.2026 08:05,44.2271,51.3034,12.0579,3.6709,4.2546,0.083,44.21,3.66,51.35,4.2509,1.1614,0.861
21.05.2026 14:05,44.2341,51.3027,12.0753,3.6529,4.246,0.0826,44.21,3.66,51.35,4.2509,1.1614,0.861
21.05.2026 15:05,44.2341,51.3027,12.0753,3.6529,4.246,0.0826,44.21,3.66,51.35,4.2509,1.1614,0.861
21.05.2026 16:05,44.2341,51.3027,12.0753,3.6529,4.246,0.0826,44.21,3.66,51.35,4.2509,1.1614,0.861
21.05.2026 22:05,44.2341,51.3027,12.0753,3.6529,4.246,0.0826,44.21,3.66,51.35,4.2509,1.1614,0.861
22.05.2026 07:05,44.2341,51.3027,12.0753,3.6529,4.246,0.0826,44.25,3.66,51.39,4.2509,1.1614,0.861
22.05.2026 08:05,44.2341,51.3027,12.0753,3.6529,4.246,0.0826,44.25,3.66,51.39,4.2509,1.1614,0.861
22.05.2026 14:05,44.2619,51.3305,12.0994,3.6571,4.2453,0.0826,44.25,3.66,51.39,4.2509,1.1614,0.861
22.05.2026 15:05,44.2619,51.3305,12.0994,3.6571,4.2453,0.0826,44.25,3.66,51.39,4.2509,1.1614,0.861
22.05.2026 16:05,44.2619,51.3305,12.0994,3.6571,4.2453,0.0826,44.25,3.66,51.39,4.2509,1.1614,0.861
22.05.2026 22:05,44.2619,51.3305,12.0994,3.6571,4.2453,0.0826,44.25,3.66,51.39,4.2509,1.1614,0.861
23.05.2026 07:05,44.2619,51.3305,12.0994,3.6571,4.2453,0.0826,44.27,3.65,51.36,4.2343,1.1601,0.862
23.05.2026 08:05,44.2619,51.3305,12.0994,3.6571,4.2453,0.0826,44.27,3.65,51.36,4.2343,1.1601,0.862
23.05.2026 14:05,44.2619,51.3305,12.0994,3.6571,4.2453,0.0826,44.27,3.65,51.36,4.2343,1.1601,0.862
24.05.2026 07:05,44.2619,51.3305,12.0994,3.6571,4.2453,0.0826,44.27,3.66,51.36,4.2459,1.1601,0.862
24.05.2026 08:05,44.2619,51.3305,12.0994,3.6571,4.2453,0.0826,44.27,3.66,51.36,4.2459,1.1601,0.862
24.05.2026 14:05,44.2619,51.3305,12.0994,3.6571,4.2453,0.0826,44.27,3.66,51.36,4.2459,1.1601,0.862
25.05.2026 07:05,44.2619,51.3305,12.0994,3.6571,4.2453,0.0826,44.25,3.65,51.45,4.2442,1.1628,0.86
25.05.2026 08:05,44.2619,51.3305,12.0994,3.6571,4.2453,0.0826,44.25,3.65,51.45,4.2442,1.1628,0.86
25.05.2026 14:05,44.2447,51.5274,12.1688,3.6374,4.2352,0.0822,44.25,3.65,51.45,4.2442,1.1628,0.86
25.05.2026 15:05,44.2447,51.5274,12.1688,3.6374,4.2352,0.0822,44.25,3.65,51.45,4.2442,1.1628,0.86
25.05.2026 16:05,44.2447,51.5274,12.1688,3.6374,4.2352,0.0822,44.25,3.65,51.45,4.2442,1.1628,0.86
25.05.2026 22:05,44.2447,51.5274,12.1688,3.6374,4.2352,0.0822,44.25,3.65,51.45,4.2442,1.1628,0.86
26.05.2026 07:05,44.2447,51.5274,12.1688,3.6374,4.2352,0.0822,44.23,3.64,51.49,4.2375,1.1641,0.859
26.05.2026 08:05,44.2447,51.5274,12.1688,3.6374,4.2352,0.0822,44.23,3.64,51.49,4.2375,1.1641,0.859
26.05.2026 14:05,44.2767,51.5159,12.175,3.6394,4.2352,0.0822,44.23,3.64,51.49,4.2375,1.1641,0.859
26.05.2026 15:05,44.2767,51.5159,12.175,3.6394,4.2352,0.0822,44.23,3.64,51.49,4.2375,1.1641,0.859
26.05.2026 16:05,44.2767,51.5159,12.175,3.6394,4.2352,0.0822,44.23,3.64,51.49,4.2375,1.1641,0.859
26.05.2026 22:05,44.2767,51.5159,12.175,3.6394,4.2352,0.0822,44.23,3.64,51.49,4.2375,1.1641,0.859
27.05.2026 07:05,44.2767,51.5159,12.175,3.6394,4.2352,0.0822,44.28,3.64,51.49,4.2326,1.1628,0.86
27.05.2026 08:05,44.2767,51.5159,12.175,3.6394,4.2352,0.0822,44.28,3.64,51.49,4.2326,1.1628,0.86
27.05.2026 14:05,44.2996,51.5426,12.1655,3.6404,4.2393,0.0822,44.28,3.64,51.49,4.2326,1.1628,0.86
27.05.2026 15:05,44.2996,51.5426,12.1655,3.6404,4.2393,0.0822,44.28,3.64,51.49,4.2326,1.1628,0.86
27.05.2026 16:05,44.2996,51.5426,12.1655,3.6404,4.2393,0.0822,44.28,3.64,51.49,4.2326,1.1628,0.86
27.05.2026 22:05,44.2996,51.5426,12.1655,3.6404,4.2393,0.0822,44.28,3.64,51.49,4.2326,1.1628,0.86
28.05.2026 07:05,44.2996,51.5426,12.1655,3.6404,4.2393,0.0822,44.29,3.64,51.5,4.2326,1.1628,0.86
28.05.2026 08:05,44.2996,51.5426,12.1655,3.6404,4.2393,0.0822,44.29,3.64,51.5,4.2326,1.1628,0.86
28.05.2026 14:05,44.2653,51.4363,12.1481,3.6463,4.2355,0.0824,44.29,3.64,51.5,4.2326,1.1628,0.86
28.05.2026 15:05,44.2653,51.4363,12.1481,3.6463,4.2355,0.0824,44.29,3.64,51.5,4.2326,1.1628,0.86
28.05.2026 16:05,44.2653,51.4363,12.1481,3.6463,4.2355,0.0824,44.29,3.64,51.5,4.2326,1.1628,0.86
28.05.2026 22:05,44.2653,51.4363,12.1481,3.6463,4.2355,0.0824,44.29,3.64,51.5,4.2326,1.1628,0.86
29.05.2026 07:05,44.2653,51.4363,12.1481,3.6463,4.2355,0.0824,44.27,3.63,51.54,4.2258,1.1641,0.859
29.05.2026 08:05,44.2653,51.4363,12.1481,3.6463,4.2355,0.0824,44.27,3.63,51.54,4.2258,1.1641,0.859
29.05.2026 14:05,44.268,51.5545,12.194,3.6395,4.2322,0.0822,44.27,3.63,51.54,4.2258,1.1641,0.859
29.05.2026 15:05,44.268,51.5545,12.194,3.6395,4.2322,0.0822,44.27,3.63,51.54,4.2258,1.1641,0.859
29.05.2026 16:05,44.268,51.5545,12.194,3.6395,4.2322,0.0822,44.27,3.63,51.54,4.2258,1.1641,0.859
29.05.2026 22:05,44.268,51.5545,12.194,3.6395,4.2322,0.0822,44.27,3.63,51.54,4.2258,1.1641,0.859
30.05.2026 07:05,44.268,51.5545,12.194,3.6395,4.2322,0.0822,44.28,3.63,51.61,4.2308,1.1655,0.858
30.05.2026 08:05,44.268,51.5545,12.194,3.6395,4.2322,0.0822,44.28,3.63,51.61,4.2308,1.1655,0.858
30.05.2026 14:05,44.268,51.5545,12.194,3.6395,4.2322,0.0822,44.28,3.63,51.61,4.2308,1.1655,0.858
31.05.2026 07:05,44.268,51.5545,12.194,3.6395,4.2322,0.0822,44.28,3.63,51.61,4.2308,1.1655,0.858
31.05.2026 08:05,44.268,51.5545,12.194,3.6395,4.2322,0.0822,44.28,3.63,51.61,4.2308,1.1655,0.858
31.05.2026 14:05,44.268,51.5545,12.194,3.6395,4.2322,0.0822,44.28,3.63,51.61,4.2308,1.1655,0.858
01.06.2026 07:05,44.268,51.5545,12.194,3.6395,4.2322,0.0822,44.29,3.63,51.62,4.2308,1.1655,0.858
01.06.2026 08:05,44.268,51.5545,12.194,3.6395,4.2322,0.0822,44.29,3.63,51.62,4.2308,1.1655,0.858
01.06.2026 14:05,44.3023,51.5989,12.1907,3.6319,4.2341,0.082,44.29,3.63,51.62,4.2308,1.1655,0.858
01.06.2026 15:05,44.3023,51.5989,12.1907,3.6319,4.2341,0.082,44.29,3.63,51.62,4.2308,1.1655,0.858
01.06.2026 16:05,44.3023,51.5989,12.1907,3.6319,4.2341,0.082,44.29,3.63,51.62,4.2308,1.1655,0.858
01.06.2026 22:05,44.3023,51.5989,12.1907,3.6319,4.2341,0.082,44.29,3.63,51.62,4.2308,1.1655,0.858
02.06.2026 07:05,44.3023,51.5989,12.1907,3.6319,4.2341,0.082,44.3,3.64,51.51,4.2326,1.1628,0.86
02.06.2026 08:05,44.3023,51.5989,12.1907,3.6319,4.2341,0.082,44.3,3.64,51.51,4.2326,1.1628,0.86
02.06.2026 14:05,44.3399,51.6604,12.2004,3.6358,4.2334,0.082,44.3,3.64,51.51,4.2326,1.1628,0.86
02.06.2026 15:05,44.3399,51.6604,12.2004,3.6358,4.2334,0.082,44.3,3.64,51.51,4.2326,1.1628,0.86
02.06.2026 16:05,44.3399,51.6604,12.2004,3.6358,4.2334,0.082,44.3,3.64,51.51,4.2326,1.1628,0.86
02.06.2026 22:05,44.3399,51.6604,12.2004,3.6358,4.2334,0.082,44.3,3.64,51.51,4.2326,1.1628,0.86
03.06.2026 07:05,44.3399,51.6604,12.2004,3.6358,4.2334,0.082,44.34,3.64,51.56,4.2326,1.1628,0.86
03.06.2026 08:05,44.3399,51.6604,12.2004,3.6358,4.2334,0.082,44.34,3.64,51.56,4.2326,1.1628,0.86
03.06.2026 14:05,44.3494,51.5251,12.1598,3.6553,4.2433,0.0824,44.34,3.64,51.56,4.2326,1.1628,0.86
03.06.2026 15:05,44.3494,51.5251,12.1598,3.6553,4.2433,0.0824,44.34,3.64,51.56,4.2326,1.1628,0.86
03.06.2026 16:05,44.3494,51.5251,12.1598,3.6553,4.2433,0.0824,44.34,3.64,51.56,4.2326,1.1628,0.86
03.06.2026 22:05,44.3494,51.5251,12.1598,3.6553,4.2433,0.0824,44.34,3.64,51.56,4.2326,1.1628,0.86
04.06.2026 07:05,44.3494,51.5251,12.1598,3.6553,4.2433,0.0824,44.35,3.65,51.45,4.2343,1.1601,0.862
04.06.2026 08:05,44.3494,51.5251,12.1598,3.6553,4.2433,0.0824,44.35,3.65,51.45,4.2343,1.1601,0.862
04.06.2026 14:05,44.3793,51.6686,12.1938,3.6553,4.2433,0.0824,44.35,3.65,51.45,4.2343,1.1601,0.862
